team_abbreviation,game_date,wl,min,pts,fgm,fga,fg_pct,fg3m,fg3a,fg3_pct,ftm,fta,ft_pct,over_100
PHI,2024-04-14,W,240,107,41,96,0.427,14,44,0.318,11,15,0.733,S
SAS,2024-04-14,W,241,123,49,91,0.538,15,34,0.441,10,14,0.714,S
NYK,2024-04-14,W,265,120,46,91,0.505,12,32,0.375,16,21,0.762,S
PHX,2024-04-14,W,244,125,47,86,0.547,16,29,0.552,15,18,0.833,S
LAC,2024-04-14,L,240,105,41,104,0.394,8,37,0.216,15,17,0.882,S
WAS,2024-04-14,L,240,122,49,103,0.476,14,38,0.368,10,10,1.0,S
OKC,2024-04-14,W,241,135,54,97,0.557,14,34,0.412,13,16,0.813,S
DEN,2024-04-14,W,239,126,46,89,0.517,12,36,0.333,22,26,0.846,S
MIN,2024-04-14,L,241,106,36,70,0.514,9,26,0.346,25,31,0.806,S
CHI,2024-04-14,L,265,119,49,101,0.485,8,31,0.258,13,16,0.813,S
SAC,2024-04-14,W,241,121,43,87,0.494,13,34,0.382,22,27,0.815,S
BOS,2024-04-14,W,240,132,51,89,0.573,16,32,0.5,14,21,0.667,S
NOP,2024-04-14,L,240,108,41,86,0.477,15,37,0.405,11,14,0.786,S
ATL,2024-04-14,L,241,115,39,89,0.438,12,36,0.333,25,27,0.926,S
POR,2024-04-14,L,240,82,31,98,0.316,7,45,0.156,13,17,0.765,N
UTA,2024-04-14,L,240,116,46,89,0.517,14,34,0.412,10,16,0.625,S
MIA,2024-04-14,W,238,118,46,87,0.529,9,36,0.25,17,19,0.895,S
HOU,2024-04-14,W,240,116,50,103,0.485,11,38,0.289,5,14,0.357,S
ORL,2024-04-14,W,240,113,42,85,0.494,11,35,0.314,18,19,0.947,S
CHA,2024-04-14,W,241,120,46,91,0.505,19,40,0.475,9,11,0.818,S
TOR,2024-04-14,L,240,103,38,90,0.422,9,34,0.265,18,21,0.857,S
MEM,2024-04-14,L,240,111,45,100,0.45,8,33,0.242,13,18,0.722,S
DAL,2024-04-14,L,241,86,32,97,0.33,8,39,0.205,14,17,0.824,N
LAL,2024-04-14,W,241,124,48,87,0.552,11,29,0.379,17,18,0.944,S
MIL,2024-04-14,L,238,88,30,75,0.4,7,27,0.259,21,23,0.913,N
GSW,2024-04-14,W,239,123,45,94,0.479,14,43,0.326,19,23,0.826,S
CLE,2024-04-14,L,241,110,44,93,0.473,16,33,0.485,6,9,0.667,S
DET,2024-04-14,L,239,95,36,92,0.391,8,33,0.242,15,20,0.75,N
IND,2024-04-14,W,239,157,65,100,0.65,19,36,0.528,8,10,0.8,S
BKN,2024-04-14,L,240,86,32,83,0.386,9,34,0.265,13,17,0.765,N
WAS,2024-04-12,L,241,127,45,86,0.523,18,43,0.419,19,29,0.655,S
NOP,2024-04-12,W,239,114,42,90,0.467,20,38,0.526,10,16,0.625,S
GSW,2024-04-12,L,240,109,40,86,0.465,13,34,0.382,16,21,0.762,S
MIA,2024-04-12,W,239,125,45,86,0.523,17,41,0.415,18,23,0.783,S
DAL,2024-04-12,L,242,89,36,83,0.434,8,29,0.276,9,12,0.75,N
CLE,2024-04-12,W,241,129,50,95,0.526,13,32,0.406,16,23,0.696,S
MEM,2024-04-12,L,239,120,43,95,0.453,17,39,0.436,17,21,0.81,S
DEN,2024-04-12,L,240,120,49,97,0.505,13,36,0.361,9,10,0.9,S
SAC,2024-04-12,L,240,107,40,91,0.44,14,38,0.368,13,14,0.929,S
POR,2024-04-12,L,240,107,37,95,0.389,12,35,0.343,21,29,0.724,S
MIL,2024-04-12,L,240,107,42,85,0.494,11,30,0.367,12,13,0.923,S
CHI,2024-04-12,W,241,129,48,98,0.49,14,35,0.4,19,28,0.679,S
OKC,2024-04-12,W,240,125,47,89,0.528,13,38,0.342,18,20,0.9,S
DET,2024-04-12,W,242,107,46,95,0.484,8,31,0.258,7,9,0.778,S
IND,2024-04-12,L,239,120,46,89,0.517,9,32,0.281,19,22,0.864,S
BKN,2024-04-12,L,241,107,41,82,0.5,11,32,0.344,14,19,0.737,S
TOR,2024-04-12,L,241,103,37,77,0.481,10,31,0.323,19,22,0.864,S
MIN,2024-04-12,W,242,109,38,79,0.481,10,37,0.27,23,29,0.793,S
PHI,2024-04-12,W,239,125,42,88,0.477,18,37,0.486,23,28,0.821,S
HOU,2024-04-12,W,240,116,44,92,0.478,11,39,0.282,17,20,0.85,S
PHX,2024-04-12,W,240,108,40,76,0.526,12,32,0.375,16,17,0.941,S
UTA,2024-04-12,W,241,110,41,88,0.466,6,35,0.171,22,25,0.88,S
BOS,2024-04-12,W,240,131,54,104,0.519,14,41,0.341,9,13,0.692,S
LAL,2024-04-12,W,241,123,42,81,0.519,13,37,0.351,26,34,0.765,S
ATL,2024-04-12,L,240,106,40,90,0.444,9,30,0.3,17,25,0.68,S
SAS,2024-04-12,W,240,121,45,85,0.529,15,33,0.455,16,23,0.696,S
ORL,2024-04-12,L,239,113,43,95,0.453,8,27,0.296,19,25,0.76,S
CHA,2024-04-12,L,240,98,32,76,0.421,15,35,0.429,19,22,0.864,N
LAC,2024-04-12,L,241,109,43,96,0.448,10,39,0.256,13,19,0.684,S
NYK,2024-04-12,W,241,111,38,83,0.458,14,30,0.467,21,25,0.84,S
NYK,2024-04-11,W,240,118,49,99,0.495,14,36,0.389,6,10,0.6,S
DET,2024-04-11,L,241,105,38,77,0.494,14,35,0.4,15,23,0.652,S
UTA,2024-04-11,W,240,124,44,87,0.506,14,39,0.359,22,27,0.815,S
CHI,2024-04-11,W,239,127,51,96,0.531,14,36,0.389,11,15,0.733,S
SAC,2024-04-11,L,240,123,46,84,0.548,16,38,0.421,15,20,0.75,S
POR,2024-04-11,L,241,92,35,97,0.361,8,34,0.235,14,17,0.824,N
GSW,2024-04-11,W,240,100,36,77,0.468,12,35,0.343,16,20,0.8,N
BOS,2024-04-11,L,242,109,40,86,0.465,16,42,0.381,13,16,0.813,S
NOP,2024-04-11,W,240,135,49,86,0.57,22,40,0.55,15,18,0.833,S
HOU,2024-04-11,L,239,121,40,95,0.421,21,47,0.447,20,22,0.909,S
DEN,2024-04-10,W,239,116,46,83,0.554,11,25,0.44,13,23,0.565,S
SAS,2024-04-10,L,241,89,32,96,0.333,9,40,0.225,16,20,0.8,N
OKC,2024-04-10,W,241,127,47,101,0.465,16,38,0.421,17,21,0.81,S
PHX,2024-04-10,W,238,124,46,95,0.484,18,50,0.36,14,15,0.933,S
BKN,2024-04-10,W,242,106,38,86,0.442,11,36,0.306,19,24,0.792,S
MEM,2024-04-10,L,240,98,33,84,0.393,14,32,0.438,18,19,0.947,N
MIA,2024-04-10,L,239,92,33,81,0.407,13,30,0.433,13,13,1.0,N
CLE,2024-04-10,W,243,110,37,82,0.451,15,37,0.405,21,29,0.724,S
LAC,2024-04-10,L,240,108,44,95,0.463,12,36,0.333,8,10,0.8,S
DAL,2024-04-10,W,241,111,43,87,0.494,15,44,0.341,10,13,0.769,S
TOR,2024-04-10,L,241,102,35,94,0.372,16,40,0.4,16,18,0.889,S
ORL,2024-04-10,L,239,99,36,78,0.462,11,30,0.367,16,23,0.696,N
MIN,2024-04-10,L,241,107,41,82,0.5,13,30,0.433,12,21,0.571,S
CHA,2024-04-10,W,241,115,40,79,0.506,14,36,0.389,21,22,0.955,S
ATL,2024-04-10,L,240,114,43,82,0.524,18,40,0.45,10,16,0.625,S
MIL,2024-04-10,W,241,117,43,84,0.512,15,40,0.375,16,20,0.8,S
UTA,2024-04-09,L,240,95,36,91,0.396,10,31,0.323,13,13,1.0,N
OKC,2024-04-09,W,239,112,39,80,0.488,11,30,0.367,23,31,0.742,S
PHI,2024-04-09,W,239,120,44,98,0.449,13,37,0.351,19,23,0.826,S
CHI,2024-04-09,L,241,117,47,88,0.534,10,28,0.357,13,19,0.684,S
TOR,2024-04-09,L,240,123,47,94,0.5,5,21,0.238,24,33,0.727,S
ORL,2024-04-09,L,243,106,39,86,0.453,7,24,0.292,21,23,0.913,S
ATL,2024-04-09,L,292,111,45,113,0.398,10,46,0.217,11,14,0.786,S
MIL,2024-04-09,W,239,104,43,81,0.531,17,36,0.472,1,2,0.5,S
HOU,2024-04-09,W,241,118,45,86,0.523,15,35,0.429,13,18,0.722,S
SAC,2024-04-09,L,241,105,33,96,0.344,20,58,0.345,19,26,0.731,S
WAS,2024-04-09,L,240,121,44,89,0.494,20,43,0.465,13,17,0.765,S
MIN,2024-04-09,W,239,130,43,90,0.478,18,41,0.439,26,32,0.813,S
BOS,2024-04-09,L,241,91,37,93,0.398,17,52,0.327,0,0,,N
MEM,2024-04-09,L,241,87,36,104,0.346,6,30,0.2,9,11,0.818,N
DAL,2024-04-09,W,240,130,50,93,0.538,17,50,0.34,13,20,0.65,S
DET,2024-04-09,L,240,102,34,84,0.405,14,30,0.467,20,24,0.833,S
PHX,2024-04-09,L,239,92,30,89,0.337,8,35,0.229,24,28,0.857,N
GSW,2024-04-09,W,241,134,47,80,0.588,26,41,0.634,14,21,0.667,S
IND,2024-04-09,W,240,140,54,99,0.545,16,45,0.356,16,23,0.696,S
NYK,2024-04-09,W,240,128,46,83,0.554,17,36,0.472,19,20,0.95,S
DEN,2024-04-09,W,239,111,46,94,0.489,14,37,0.378,5,11,0.455,S
CHA,2024-04-09,L,240,104,39,89,0.438,10,32,0.313,16,21,0.762,S
NOP,2024-04-09,W,240,110,36,87,0.414,11,36,0.306,27,29,0.931,S
SAS,2024-04-09,W,240,102,42,87,0.483,10,40,0.25,8,8,1.0,S
LAL,2024-04-09,L,241,120,44,96,0.458,12,35,0.343,20,24,0.833,S
POR,2024-04-09,L,240,100,40,85,0.471,13,38,0.342,7,8,0.875,N
LAC,2024-04-09,W,240,105,41,87,0.471,12,26,0.462,11,11,1.0,S
MIA,2024-04-09,W,291,117,42,88,0.477,18,45,0.4,15,21,0.714,S
PHI,2024-04-07,W,290,133,52,114,0.456,12,39,0.308,17,19,0.895,S
HOU,2024-04-07,L,264,136,46,93,0.495,17,41,0.415,27,35,0.771,S
BOS,2024-04-07,W,241,124,49,87,0.563,16,38,0.421,10,13,0.769,S
MIA,2024-04-07,L,240,115,39,84,0.464,8,27,0.296,29,32,0.906,S
IND,2024-04-07,W,241,117,44,86,0.512,9,32,0.281,20,21,0.952,S
NOP,2024-04-07,W,241,113,40,85,0.471,16,39,0.41,17,19,0.895,S
GSW,2024-04-07,W,241,118,49,92,0.533,14,35,0.4,6,6,1.0,S
CHA,2024-04-07,L,241,118,45,83,0.542,17,40,0.425,11,14,0.786,S
CLE,2024-04-07,L,240,118,42,88,0.477,11,30,0.367,23,27,0.852,S
BKN,2024-04-07,L,239,77,30,86,0.349,7,30,0.233,10,13,0.769,N
UTA,2024-04-07,L,238,110,39,83,0.47,15,35,0.429,17,21,0.81,S
SAC,2024-04-07,W,241,107,40,94,0.426,15,48,0.313,12,16,0.75,S
LAC,2024-04-07,W,238,120,41,84,0.488,14,35,0.4,24,24,1.0,S
POR,2024-04-07,L,240,107,40,102,0.392,14,38,0.368,13,13,1.0,S
DAL,2024-04-07,W,264,147,46,85,0.541,15,39,0.385,40,45,0.889,S
WAS,2024-04-07,L,239,122,42,89,0.472,16,40,0.4,22,30,0.733,S
ORL,2024-04-07,W,237,113,42,90,0.467,11,34,0.324,18,19,0.947,S
CHI,2024-04-07,L,240,98,38,75,0.507,6,20,0.3,16,22,0.727,N
SAS,2024-04-07,L,292,126,44,98,0.449,16,44,0.364,22,26,0.846,S
OKC,2024-04-07,W,240,121,45,87,0.517,18,36,0.5,13,17,0.765,S
MIL,2024-04-07,L,239,109,35,75,0.467,12,34,0.353,27,32,0.844,S
PHX,2024-04-07,L,240,105,39,87,0.448,14,39,0.359,13,14,0.929,S
TOR,2024-04-07,W,241,130,49,96,0.51,11,31,0.355,21,28,0.75,S
MIN,2024-04-07,W,240,127,50,97,0.515,15,39,0.385,12,14,0.857,S
LAL,2024-04-07,L,241,117,39,84,0.464,11,31,0.355,28,32,0.875,S
NYK,2024-04-07,W,239,122,45,92,0.489,14,29,0.483,18,22,0.818,S
DET,2024-04-06,L,241,103,42,92,0.457,17,39,0.436,2,4,0.5,S
DEN,2024-04-06,W,241,142,53,88,0.602,23,41,0.561,13,16,0.813,S
ATL,2024-04-06,L,240,110,37,87,0.425,12,37,0.324,24,29,0.828,S
LAL,2024-04-06,W,240,116,45,80,0.563,16,37,0.432,10,16,0.625,S
MEM,2024-04-06,L,238,96,36,87,0.414,9,26,0.346,15,21,0.714,N
PHI,2024-04-06,W,240,116,41,79,0.519,16,39,0.41,18,23,0.783,S
CLE,2024-04-06,L,243,97,39,90,0.433,11,35,0.314,8,12,0.667,N
BKN,2024-04-06,W,239,113,38,73,0.521,11,27,0.407,26,33,0.788,S
POR,2024-04-05,W,239,108,41,94,0.436,9,29,0.31,17,24,0.708,S
IND,2024-04-05,W,241,126,46,88,0.523,15,35,0.429,19,21,0.905,S
TOR,2024-04-05,W,240,117,36,79,0.456,14,36,0.389,31,36,0.861,S
NYK,2024-04-05,L,241,100,36,83,0.434,10,29,0.345,18,24,0.75,N
ORL,2024-04-05,L,240,115,42,94,0.447,9,38,0.237,22,26,0.846,S
SAC,2024-04-05,L,240,100,38,99,0.384,17,51,0.333,7,13,0.538,N
MIA,2024-04-05,W,239,119,44,89,0.494,13,36,0.361,18,21,0.857,S
CHA,2024-04-05,W,240,124,43,72,0.597,15,30,0.5,23,23,1.0,S
SAS,2024-04-05,W,240,111,42,83,0.506,17,46,0.37,10,13,0.769,S
WAS,2024-04-05,L,241,102,38,88,0.432,5,33,0.152,21,30,0.7,S
HOU,2024-04-05,L,239,104,34,90,0.378,14,44,0.318,22,25,0.88,S
MIN,2024-04-05,L,240,87,33,85,0.388,10,29,0.345,11,14,0.786,N
MIL,2024-04-05,L,240,111,41,94,0.436,12,42,0.286,17,21,0.81,S
DET,2024-04-05,L,239,90,32,79,0.405,8,30,0.267,18,24,0.75,N
GSW,2024-04-05,L,239,106,41,93,0.441,12,35,0.343,12,18,0.667,S
NOP,2024-04-05,L,240,109,44,86,0.512,9,29,0.31,12,12,1.0,S
MEM,2024-04-05,W,240,108,42,90,0.467,10,31,0.323,14,16,0.875,S
DAL,2024-04-05,W,239,108,40,84,0.476,12,34,0.353,16,21,0.762,S
UTA,2024-04-05,L,239,102,35,91,0.385,9,30,0.3,23,29,0.793,S
BOS,2024-04-05,W,239,101,38,89,0.427,12,44,0.273,13,18,0.722,S
CHI,2024-04-05,W,239,108,44,93,0.473,7,23,0.304,13,16,0.813,S
LAC,2024-04-05,W,240,131,51,91,0.56,13,35,0.371,16,18,0.889,S
PHX,2024-04-05,W,240,97,33,76,0.434,9,26,0.346,22,29,0.759,N
OKC,2024-04-05,L,240,112,42,86,0.488,8,30,0.267,20,24,0.833,S
PHI,2024-04-04,W,239,109,43,92,0.467,14,40,0.35,9,11,0.818,S
HOU,2024-04-04,L,241,110,36,86,0.419,12,40,0.3,26,30,0.867,S
LAC,2024-04-04,W,240,102,34,90,0.378,7,33,0.212,27,32,0.844,S
ATL,2024-04-04,L,239,95,34,85,0.4,13,38,0.342,14,21,0.667,N
SAC,2024-04-04,L,241,109,42,86,0.488,18,42,0.429,7,12,0.583,S
MIA,2024-04-04,L,241,105,39,94,0.415,13,43,0.302,14,16,0.875,S
DEN,2024-04-04,L,242,100,36,83,0.434,11,35,0.314,17,25,0.68,N
DAL,2024-04-04,W,241,109,38,94,0.404,18,49,0.367,15,17,0.882,S
NYK,2024-04-04,W,241,120,44,80,0.55,12,28,0.429,20,29,0.69,S
GSW,2024-04-04,W,241,133,47,80,0.588,17,35,0.486,22,25,0.88,S
MIN,2024-04-03,W,240,133,49,96,0.51,20,43,0.465,15,22,0.682,S
NOP,2024-04-03,L,239,108,36,76,0.474,12,29,0.414,24,28,0.857,S
WAS,2024-04-03,L,241,120,45,91,0.495,18,42,0.429,12,13,0.923,S
OKC,2024-04-03,L,238,100,35,81,0.432,5,24,0.208,25,28,0.893,N
POR,2024-04-03,W,241,89,37,93,0.398,7,26,0.269,8,12,0.667,N
DET,2024-04-03,L,240,113,43,94,0.457,10,30,0.333,17,21,0.81,S
CLE,2024-04-03,L,237,101,39,83,0.47,7,26,0.269,16,19,0.842,S
PHX,2024-04-03,W,238,122,44,87,0.506,18,33,0.545,16,17,0.941,S
CHA,2024-04-03,L,239,86,32,78,0.41,5,31,0.161,17,22,0.773,N
LAL,2024-04-03,W,239,125,46,91,0.505,8,28,0.286,25,29,0.862,S
IND,2024-04-03,L,240,111,46,103,0.447,10,38,0.263,9,11,0.818,S
ATL,2024-04-03,W,240,121,49,90,0.544,13,38,0.342,10,15,0.667,S
MEM,2024-04-03,W,240,111,46,91,0.505,7,23,0.304,12,17,0.706,S
ORL,2024-04-03,W,240,117,41,80,0.513,13,32,0.406,22,30,0.733,S
BKN,2024-04-03,W,240,115,42,87,0.483,12,32,0.375,19,27,0.704,S
MIL,2024-04-03,L,240,101,38,95,0.4,18,44,0.409,7,12,0.583,S
TOR,2024-04-03,L,241,85,33,90,0.367,7,30,0.233,12,14,0.857,N
BOS,2024-04-03,W,242,135,50,92,0.543,17,40,0.425,18,19,0.947,S
UTA,2024-04-02,L,239,113,41,85,0.482,16,37,0.432,15,18,0.833,S
LAC,2024-04-02,L,241,95,31,76,0.408,11,27,0.407,22,27,0.815,N
TOR,2024-04-02,L,239,111,43,89,0.483,10,32,0.313,15,21,0.714,S
MIA,2024-04-02,W,241,109,36,74,0.486,17,38,0.447,20,21,0.952,S
SAC,2024-04-02,W,241,109,39,92,0.424,12,42,0.286,19,25,0.76,S
MIL,2024-04-02,L,240,113,45,103,0.437,11,48,0.229,12,18,0.667,S
MIN,2024-04-02,W,239,113,41,77,0.532,11,26,0.423,20,22,0.909,S
GSW,2024-04-02,W,242,104,41,90,0.456,15,32,0.469,7,7,1.0,S
SAS,2024-04-02,L,239,105,42,105,0.4,13,44,0.295,8,16,0.5,S
WAS,2024-04-02,W,239,117,47,93,0.505,9,38,0.237,14,17,0.824,S
CLE,2024-04-02,W,240,129,46,85,0.541,16,39,0.41,21,24,0.875,S
DEN,2024-04-02,W,241,110,43,98,0.439,11,34,0.324,13,16,0.813,S
HOU,2024-04-02,L,240,106,41,92,0.446,14,48,0.292,10,14,0.714,S
DAL,2024-04-02,L,240,100,39,89,0.438,15,40,0.375,7,11,0.636,N
LAL,2024-04-02,W,241,128,52,101,0.515,18,41,0.439,6,12,0.5,S
NYK,2024-04-02,L,239,99,35,76,0.461,12,34,0.353,17,21,0.81,N
PHI,2024-04-02,W,241,109,36,78,0.462,14,30,0.467,23,25,0.92,S
OKC,2024-04-02,L,240,105,37,87,0.425,13,39,0.333,18,22,0.818,S
CHA,2024-04-01,L,240,104,41,91,0.451,13,37,0.351,9,11,0.818,S
BOS,2024-04-01,W,239,118,43,89,0.483,19,53,0.358,13,16,0.813,S
NOP,2024-04-01,L,240,111,42,89,0.472,11,27,0.407,16,24,0.667,S
IND,2024-04-01,W,240,133,53,103,0.515,13,31,0.419,14,17,0.824,S
DET,2024-04-01,L,239,108,40,79,0.506,11,28,0.393,17,22,0.773,S
CHI,2024-04-01,L,240,101,37,94,0.394,7,28,0.25,20,24,0.833,S
POR,2024-04-01,L,239,103,40,90,0.444,11,31,0.355,12,15,0.8,S
MEM,2024-04-01,W,239,110,40,91,0.44,11,33,0.333,19,23,0.826,S
PHX,2024-04-01,W,239,124,43,87,0.494,18,47,0.383,20,25,0.8,S
BKN,2024-04-01,L,241,111,41,87,0.471,10,26,0.385,19,28,0.679,S
ORL,2024-04-01,W,240,104,36,76,0.474,11,32,0.344,21,27,0.778,S
ATL,2024-04-01,W,240,113,41,82,0.5,19,40,0.475,12,18,0.667,S
MIA,2024-03-31,W,240,119,40,81,0.494,14,36,0.389,25,29,0.862,S
CHA,2024-03-31,L,240,118,44,88,0.5,23,52,0.442,7,11,0.636,S
SAS,2024-03-31,L,239,113,40,89,0.449,17,43,0.395,16,18,0.889,S
BKN,2024-03-31,L,240,104,39,92,0.424,12,36,0.333,14,19,0.737,S
UTA,2024-03-31,L,240,106,34,83,0.41,16,41,0.39,22,28,0.786,S
PHI,2024-03-31,W,240,135,49,83,0.59,24,43,0.558,13,16,0.813,S
NYK,2024-03-31,L,240,112,38,92,0.413,13,43,0.302,23,34,0.676,S
HOU,2024-03-31,L,240,107,39,92,0.424,13,38,0.342,16,19,0.842,S
DAL,2024-03-31,W,239,125,48,93,0.516,24,47,0.511,5,9,0.556,S
OKC,2024-03-31,W,241,113,44,82,0.537,13,34,0.382,12,24,0.5,S
LAC,2024-03-31,W,240,130,43,75,0.573,14,29,0.483,30,34,0.882,S
DEN,2024-03-31,W,243,130,50,87,0.575,21,33,0.636,9,13,0.692,S
CHI,2024-03-31,W,241,109,42,80,0.525,17,29,0.586,8,12,0.667,S
TOR,2024-03-31,L,240,120,47,90,0.522,11,30,0.367,15,20,0.75,S
GSW,2024-03-31,W,241,117,45,92,0.489,16,39,0.41,11,13,0.846,S
CLE,2024-03-31,L,241,101,38,82,0.463,8,25,0.32,17,21,0.81,S
WAS,2024-03-31,L,240,107,40,88,0.455,11,38,0.289,16,21,0.762,S
MIN,2024-03-31,L,240,101,38,81,0.469,11,37,0.297,14,21,0.667,S
LAL,2024-03-31,W,240,116,42,77,0.545,15,40,0.375,17,22,0.773,S
SAC,2024-03-31,W,239,127,45,84,0.536,20,40,0.5,17,23,0.739,S
NOP,2024-03-30,L,240,92,34,86,0.395,13,35,0.371,11,18,0.611,N
MEM,2024-03-30,L,241,88,31,86,0.36,12,36,0.333,14,17,0.824,N
MIL,2024-03-30,W,239,122,43,78,0.551,8,28,0.286,28,35,0.8,S
BOS,2024-03-30,W,240,104,39,82,0.476,15,37,0.405,11,12,0.917,S
ORL,2024-03-30,W,239,118,38,78,0.487,22,44,0.5,20,23,0.87,S
ATL,2024-03-30,L,239,113,42,92,0.457,14,35,0.4,15,18,0.833,S
LAC,2024-03-29,W,241,100,41,85,0.482,8,24,0.333,10,12,0.833,N
SAC,2024-03-29,L,239,103,40,92,0.435,15,32,0.469,8,12,0.667,S
PHI,2024-03-29,L,242,114,42,94,0.447,16,40,0.4,14,17,0.824,S
UTA,2024-03-29,L,240,100,37,80,0.463,8,31,0.258,18,19,0.947,N
HOU,2024-03-29,W,239,101,35,91,0.385,13,42,0.31,18,28,0.643,S
DET,2024-03-29,W,240,96,37,89,0.416,6,24,0.25,16,20,0.8,N
LAL,2024-03-29,L,241,90,35,86,0.407,5,30,0.167,15,18,0.833,N
POR,2024-03-29,L,240,82,35,87,0.402,5,30,0.167,7,11,0.636,N
WAS,2024-03-29,L,240,87,36,88,0.409,9,33,0.273,6,8,0.75,N
DEN,2024-03-29,L,242,98,35,88,0.398,8,28,0.286,20,27,0.741,N
ORL,2024-03-29,L,241,97,38,86,0.442,10,29,0.345,11,15,0.733,N
IND,2024-03-29,W,239,109,43,89,0.483,10,31,0.323,13,14,0.929,S
MIA,2024-03-29,W,240,142,54,92,0.587,21,39,0.538,13,18,0.722,S
GSW,2024-03-29,W,240,115,48,89,0.539,11,32,0.344,8,9,0.889,S
NYK,2024-03-29,L,265,126,51,110,0.464,14,37,0.378,10,12,0.833,S
CHA,2024-03-29,L,240,97,34,84,0.405,12,46,0.261,17,24,0.708,N
CLE,2024-03-29,W,241,117,45,82,0.549,16,37,0.432,11,13,0.846,S
PHX,2024-03-29,L,242,103,39,87,0.448,13,41,0.317,12,15,0.8,S
CHI,2024-03-29,L,240,108,38,75,0.507,9,30,0.3,23,29,0.793,S
MIN,2024-03-29,W,242,111,38,74,0.514,9,28,0.321,26,37,0.703,S
SAS,2024-03-29,W,265,130,44,82,0.537,16,40,0.4,26,32,0.813,S
OKC,2024-03-29,W,240,128,49,87,0.563,16,30,0.533,14,14,1.0,S
DAL,2024-03-29,W,240,107,35,74,0.473,15,35,0.429,22,33,0.667,S
BKN,2024-03-29,W,240,125,43,91,0.473,25,44,0.568,14,22,0.636,S
NOP,2024-03-28,W,239,107,36,91,0.396,8,32,0.25,27,34,0.794,S
ATL,2024-03-28,W,265,123,51,104,0.49,15,44,0.341,6,10,0.6,S
BOS,2024-03-28,L,267,122,45,94,0.479,14,36,0.389,18,21,0.857,S
MIL,2024-03-28,L,240,100,38,82,0.463,14,39,0.359,10,19,0.526,N
LAC,2024-03-27,W,240,108,40,90,0.444,14,36,0.389,14,20,0.7,S
MEM,2024-03-27,L,242,124,46,97,0.474,17,43,0.395,15,19,0.789,S
MIN,2024-03-27,W,238,106,42,82,0.512,11,36,0.306,11,16,0.688,S
ATL,2024-03-27,W,240,120,44,85,0.518,16,41,0.39,16,20,0.8,S
WAS,2024-03-27,L,266,119,46,91,0.505,14,34,0.412,13,17,0.765,S
CHA,2024-03-27,W,239,118,44,76,0.579,13,33,0.394,17,22,0.773,S
POR,2024-03-27,L,241,106,43,85,0.506,14,31,0.452,6,10,0.6,S
IND,2024-03-27,L,238,99,34,85,0.4,13,42,0.31,18,23,0.783,N
ORL,2024-03-27,L,238,93,36,85,0.424,10,32,0.313,11,21,0.524,N
HOU,2024-03-27,W,265,132,50,104,0.481,15,43,0.349,17,23,0.739,S
LAL,2024-03-27,W,239,136,45,81,0.556,18,33,0.545,28,35,0.8,S
PHX,2024-03-27,W,240,104,39,83,0.47,16,33,0.485,10,11,0.909,S
DET,2024-03-27,L,239,91,31,81,0.383,9,32,0.281,20,25,0.8,N
GSW,2024-03-27,W,241,101,40,90,0.444,10,34,0.294,11,13,0.846,S
BKN,2024-03-27,W,264,122,47,98,0.48,10,33,0.303,18,23,0.783,S
OKC,2024-03-27,L,265,126,47,96,0.49,14,38,0.368,18,24,0.75,S
SAS,2024-03-27,W,239,118,44,86,0.512,16,33,0.485,14,21,0.667,S
TOR,2024-03-27,L,238,101,39,84,0.464,11,31,0.355,12,13,0.923,S
DEN,2024-03-27,L,240,97,38,88,0.432,10,40,0.25,11,12,0.917,N
CLE,2024-03-27,L,239,111,42,85,0.494,19,44,0.432,8,14,0.571,S
CHI,2024-03-27,W,241,125,49,98,0.5,12,27,0.444,15,18,0.833,S
NYK,2024-03-27,W,239,145,55,94,0.585,22,44,0.5,13,16,0.813,S
UTA,2024-03-27,L,240,111,39,83,0.47,13,35,0.371,20,22,0.909,S
PHI,2024-03-27,L,240,107,39,82,0.476,13,33,0.394,16,19,0.842,S
MIA,2024-03-26,L,243,92,37,92,0.402,8,33,0.242,10,13,0.769,N
GSW,2024-03-26,W,243,113,47,85,0.553,13,38,0.342,6,10,0.6,S
OKC,2024-03-26,W,239,119,46,86,0.535,15,34,0.441,12,14,0.857,S
DAL,2024-03-26,W,239,132,51,92,0.554,22,39,0.564,8,13,0.615,S
NOP,2024-03-26,L,241,112,39,86,0.453,14,38,0.368,20,23,0.87,S
SAC,2024-03-26,L,237,96,35,90,0.389,11,30,0.367,15,19,0.789,N
MIL,2024-03-26,L,289,124,49,119,0.412,15,51,0.294,11,17,0.647,S
LAL,2024-03-26,W,290,128,42,108,0.389,14,44,0.318,30,32,0.938,S
IND,2024-03-25,W,240,133,50,86,0.581,17,28,0.607,16,22,0.727,S
CHI,2024-03-25,L,240,105,36,87,0.414,10,35,0.286,23,28,0.821,S
DEN,2024-03-25,W,240,128,48,90,0.533,15,32,0.469,17,18,0.944,S
TOR,2024-03-25,L,240,88,37,85,0.435,5,27,0.185,9,12,0.75,N
WAS,2024-03-25,W,239,107,39,97,0.402,14,49,0.286,15,18,0.833,S
DAL,2024-03-25,W,240,115,44,92,0.478,12,42,0.286,15,18,0.833,S
DET,2024-03-25,L,241,99,34,88,0.386,10,34,0.294,21,22,0.955,N
CHA,2024-03-25,L,240,92,34,80,0.425,9,28,0.321,15,18,0.833,N
PHI,2024-03-25,L,241,96,34,82,0.415,11,34,0.324,17,20,0.85,N
SAS,2024-03-25,W,240,104,40,91,0.44,8,31,0.258,16,19,0.842,S
POR,2024-03-25,L,240,92,36,87,0.414,7,33,0.212,13,15,0.867,N
BOS,2024-03-25,L,241,118,47,95,0.495,11,38,0.289,13,19,0.684,S
ATL,2024-03-25,W,241,120,46,87,0.529,18,36,0.5,10,17,0.588,S
HOU,2024-03-25,W,240,110,37,93,0.398,12,39,0.308,24,25,0.96,S
PHX,2024-03-25,L,239,102,42,83,0.506,10,28,0.357,8,14,0.571,S
SAC,2024-03-25,W,239,108,38,86,0.442,10,38,0.263,22,28,0.786,S
LAC,2024-03-25,L,240,116,46,85,0.541,6,20,0.3,18,22,0.818,S
NYK,2024-03-25,W,240,124,45,89,0.506,19,46,0.413,15,22,0.682,S
BKN,2024-03-25,W,239,96,37,81,0.457,9,39,0.231,13,18,0.722,N
UTA,2024-03-25,L,241,105,37,87,0.425,13,39,0.333,18,22,0.818,S
CLE,2024-03-25,W,240,115,46,86,0.535,17,41,0.415,6,10,0.6,S
MEM,2024-03-25,L,239,103,37,94,0.394,11,44,0.25,18,27,0.667,S
MIA,2024-03-24,W,239,121,43,83,0.518,15,38,0.395,20,23,0.87,S
CLE,2024-03-24,L,239,84,30,72,0.417,9,29,0.31,15,20,0.75,N
MIN,2024-03-24,W,241,114,40,84,0.476,21,40,0.525,13,18,0.722,S
LAC,2024-03-24,L,239,107,40,83,0.482,10,28,0.357,17,18,0.944,S
IND,2024-03-24,L,240,145,59,107,0.551,18,36,0.5,9,16,0.563,S
NOP,2024-03-24,W,239,114,41,81,0.506,11,34,0.324,21,31,0.677,S
OKC,2024-03-24,L,238,93,33,89,0.371,10,43,0.233,17,22,0.773,N
LAL,2024-03-24,W,239,150,50,89,0.562,12,25,0.48,38,43,0.884,S
DET,2024-03-24,L,240,101,32,79,0.405,11,41,0.268,26,32,0.813,S
PHI,2024-03-24,W,240,121,48,90,0.533,18,37,0.486,7,9,0.778,S
GSW,2024-03-24,L,241,110,38,85,0.447,14,36,0.389,20,26,0.769,S
MIL,2024-03-24,W,240,118,49,92,0.533,11,34,0.324,9,14,0.643,S
NYK,2024-03-23,W,239,105,42,97,0.433,15,40,0.375,6,12,0.5,S
WAS,2024-03-23,W,239,112,44,92,0.478,11,35,0.314,13,19,0.684,S
BKN,2024-03-23,L,240,93,34,76,0.447,12,34,0.353,13,15,0.867,N
POR,2024-03-23,L,239,111,43,93,0.462,10,28,0.357,15,17,0.882,S
SAS,2024-03-23,L,241,106,40,85,0.471,9,33,0.273,17,21,0.81,S
PHX,2024-03-23,W,242,131,56,94,0.596,11,24,0.458,8,10,0.8,S
DEN,2024-03-23,W,240,114,41,91,0.451,8,24,0.333,24,33,0.727,S
UTA,2024-03-23,L,239,119,40,89,0.449,11,37,0.297,28,33,0.848,S
ATL,2024-03-23,W,240,132,50,90,0.556,20,42,0.476,12,14,0.857,S
ORL,2024-03-23,L,241,107,42,88,0.477,10,35,0.286,13,18,0.722,S
CHA,2024-03-23,L,240,91,35,84,0.417,11,39,0.282,10,14,0.714,N
HOU,2024-03-23,W,241,147,54,97,0.557,27,49,0.551,12,14,0.857,S
TOR,2024-03-23,L,240,109,40,94,0.426,8,33,0.242,21,26,0.808,S
BOS,2024-03-23,W,240,124,44,86,0.512,21,48,0.438,15,17,0.882,S
SAC,2024-03-23,W,241,109,38,87,0.437,15,40,0.375,18,21,0.857,S
CHI,2024-03-23,L,241,113,47,82,0.573,9,24,0.375,10,11,0.909,S
MIN,2024-03-22,W,240,104,41,85,0.482,14,27,0.519,8,16,0.5,S
SAS,2024-03-22,L,240,97,37,95,0.389,7,38,0.184,16,23,0.696,N
TOR,2024-03-22,L,239,103,40,76,0.526,11,30,0.367,12,17,0.706,S
POR,2024-03-22,L,241,117,45,93,0.484,12,33,0.364,15,25,0.6,S
PHI,2024-03-22,L,240,94,33,96,0.344,8,37,0.216,20,24,0.833,N
OKC,2024-03-22,W,240,123,48,95,0.505,12,32,0.375,15,19,0.789,S
BOS,2024-03-22,W,241,129,47,89,0.528,16,45,0.356,19,27,0.704,S
GSW,2024-03-22,L,240,111,43,106,0.406,14,48,0.292,11,16,0.688,S
MEM,2024-03-22,W,241,99,33,82,0.402,12,34,0.353,21,31,0.677,N
CLE,2024-03-22,L,241,91,34,81,0.42,7,29,0.241,16,19,0.842,N
LAL,2024-03-22,W,239,101,32,73,0.438,12,31,0.387,25,33,0.758,S
IND,2024-03-22,W,240,123,48,99,0.485,15,36,0.417,12,16,0.75,S
MIA,2024-03-22,L,241,88,31,86,0.36,13,47,0.277,13,15,0.867,N
DET,2024-03-22,L,240,102,42,83,0.506,9,31,0.29,9,13,0.692,S
NOP,2024-03-22,W,240,111,42,82,0.512,18,36,0.5,9,12,0.75,S
LAC,2024-03-22,W,240,125,44,77,0.571,14,33,0.424,23,27,0.852,S
HOU,2024-03-21,W,238,127,47,93,0.505,17,45,0.378,16,20,0.8,S
DAL,2024-03-21,W,239,113,43,86,0.5,10,32,0.313,17,28,0.607,S
MIL,2024-03-21,W,239,115,43,91,0.473,16,41,0.39,13,15,0.867,S
NYK,2024-03-21,L,239,100,38,79,0.481,11,31,0.355,13,17,0.765,N
DEN,2024-03-21,W,240,113,45,84,0.536,6,20,0.3,17,20,0.85,S
CHI,2024-03-21,L,240,117,42,93,0.452,12,31,0.387,21,25,0.84,S
UTA,2024-03-21,L,241,97,38,83,0.458,4,30,0.133,17,19,0.895,N
WAS,2024-03-21,W,239,109,41,81,0.506,10,25,0.4,17,23,0.739,S
BKN,2024-03-21,L,239,108,41,92,0.446,13,44,0.295,13,16,0.813,S
ORL,2024-03-21,W,241,121,47,86,0.547,14,36,0.389,13,19,0.684,S
SAC,2024-03-21,L,240,102,37,86,0.43,11,39,0.282,17,19,0.895,S
NOP,2024-03-21,L,241,106,42,78,0.538,6,20,0.3,16,21,0.762,S
PHX,2024-03-21,W,240,128,41,74,0.554,22,41,0.537,24,27,0.889,S
ATL,2024-03-21,L,241,115,40,91,0.44,12,35,0.343,23,29,0.793,S
OKC,2024-03-20,W,240,119,43,88,0.489,10,34,0.294,23,29,0.793,S
MEM,2024-03-20,L,240,116,42,96,0.438,18,49,0.367,14,18,0.778,S
MIA,2024-03-20,W,239,107,38,83,0.458,13,36,0.361,18,19,0.947,S
POR,2024-03-20,L,240,103,39,81,0.481,15,34,0.441,10,15,0.667,S
SAC,2024-03-20,W,239,123,48,93,0.516,12,40,0.3,15,18,0.833,S
LAC,2024-03-20,W,241,116,45,86,0.523,13,31,0.419,13,15,0.867,S
CLE,2024-03-20,L,240,104,35,75,0.467,15,42,0.357,19,22,0.864,S
PHX,2024-03-20,W,240,115,45,90,0.5,19,39,0.487,6,8,0.75,S
MIL,2024-03-20,L,239,119,45,84,0.536,17,35,0.486,12,14,0.857,S
UTA,2024-03-20,L,238,107,40,90,0.444,10,36,0.278,17,18,0.944,S
BOS,2024-03-20,W,238,122,40,85,0.471,18,40,0.45,24,29,0.828,S
IND,2024-03-20,W,240,122,50,88,0.568,11,29,0.379,11,18,0.611,S
DET,2024-03-20,L,240,103,37,90,0.411,5,23,0.217,24,30,0.8,S
GSW,2024-03-20,W,240,137,58,100,0.58,19,39,0.487,2,6,0.333,S
PHI,2024-03-20,L,240,102,41,95,0.432,13,37,0.351,7,18,0.389,S
TOR,2024-03-20,L,239,89,33,80,0.413,10,31,0.323,13,18,0.722,N
CHA,2024-03-19,L,239,92,38,79,0.481,9,29,0.31,7,9,0.778,N
NOP,2024-03-19,W,242,104,42,83,0.506,10,34,0.294,10,13,0.769,S
DEN,2024-03-19,W,241,115,42,81,0.519,14,27,0.519,17,22,0.773,S
WAS,2024-03-19,L,240,114,42,98,0.429,15,39,0.385,15,20,0.75,S
HOU,2024-03-19,W,240,137,47,91,0.516,13,39,0.333,30,36,0.833,S
ORL,2024-03-19,W,240,112,44,81,0.543,12,34,0.353,12,13,0.923,S
BKN,2024-03-19,L,242,91,31,84,0.369,12,40,0.3,17,22,0.773,N
SAS,2024-03-19,L,239,107,39,89,0.438,14,39,0.359,15,21,0.714,S
MIN,2024-03-19,L,241,112,42,88,0.477,12,35,0.343,16,23,0.696,S
DAL,2024-03-19,W,239,113,44,91,0.484,10,30,0.333,15,17,0.882,S
UTA,2024-03-18,L,242,104,39,84,0.464,14,32,0.438,12,14,0.857,S
DET,2024-03-18,L,239,94,36,84,0.429,9,29,0.31,13,15,0.867,N
LAL,2024-03-18,W,239,136,52,90,0.578,15,36,0.417,17,20,0.85,S
PHI,2024-03-18,W,241,98,37,85,0.435,13,36,0.361,11,12,0.917,N
BOS,2024-03-18,W,240,119,43,95,0.453,22,49,0.449,11,13,0.846,S
MIN,2024-03-18,W,240,114,44,91,0.484,16,41,0.39,10,12,0.833,S
MIA,2024-03-18,L,240,91,35,89,0.393,12,33,0.364,9,14,0.643,N
GSW,2024-03-18,L,241,112,42,88,0.477,14,36,0.389,14,18,0.778,S
CHI,2024-03-18,W,241,110,41,93,0.441,11,33,0.333,17,21,0.81,S
SAC,2024-03-18,W,265,121,42,94,0.447,11,35,0.314,26,32,0.813,S
ATL,2024-03-18,L,240,105,42,98,0.429,9,41,0.22,12,15,0.8,S
IND,2024-03-18,L,240,103,42,91,0.462,9,38,0.237,10,16,0.625,S
NYK,2024-03-18,W,240,119,44,91,0.484,14,37,0.378,17,20,0.85,S
CLE,2024-03-18,W,240,108,38,80,0.475,12,32,0.375,20,28,0.714,S
POR,2024-03-18,L,240,107,40,88,0.455,8,28,0.286,19,25,0.76,S
MEM,2024-03-18,L,265,111,37,98,0.378,13,38,0.342,24,30,0.8,S
WAS,2024-03-17,L,239,104,41,89,0.461,10,34,0.294,12,14,0.857,S
BKN,2024-03-17,L,265,115,47,102,0.461,8,31,0.258,13,19,0.684,S
BOS,2024-03-17,W,241,130,43,87,0.494,24,50,0.48,20,24,0.833,S
DAL,2024-03-17,W,240,107,42,100,0.42,9,35,0.257,14,21,0.667,S
SAS,2024-03-17,W,265,122,46,99,0.465,9,37,0.243,21,23,0.913,S
ATL,2024-03-17,W,240,110,41,84,0.488,17,34,0.5,11,12,0.917,S
DEN,2024-03-17,L,241,105,37,84,0.44,12,28,0.429,19,22,0.864,S
PHX,2024-03-17,L,240,129,51,87,0.586,14,33,0.424,13,15,0.867,S
LAC,2024-03-17,L,239,93,28,74,0.378,11,36,0.306,26,29,0.897,N
DET,2024-03-17,L,240,101,38,83,0.458,14,36,0.389,11,14,0.786,S
MIA,2024-03-17,W,241,104,40,89,0.449,12,35,0.343,12,16,0.75,S
TOR,2024-03-17,L,241,96,37,84,0.44,8,31,0.258,14,15,0.933,N
ORL,2024-03-17,W,242,111,43,85,0.506,11,36,0.306,14,20,0.7,S
MIL,2024-03-17,W,239,140,51,94,0.543,24,41,0.585,14,14,1.0,S
WAS,2024-03-16,L,241,98,36,84,0.429,13,32,0.406,13,22,0.591,N
MIN,2024-03-16,W,241,119,44,93,0.473,19,41,0.463,12,15,0.8,S
HOU,2024-03-16,W,240,117,47,98,0.48,15,42,0.357,8,12,0.667,S
NYK,2024-03-16,W,240,98,37,86,0.43,11,39,0.282,13,16,0.813,N
PHI,2024-03-16,W,240,109,36,81,0.444,13,41,0.317,24,25,0.96,S
NOP,2024-03-16,W,240,126,52,97,0.536,13,33,0.394,9,10,0.9,S
CHA,2024-03-16,L,240,98,37,82,0.451,10,31,0.323,14,18,0.778,N
OKC,2024-03-16,W,240,118,45,87,0.517,12,35,0.343,16,21,0.762,S
GSW,2024-03-16,W,241,128,51,97,0.526,14,34,0.412,12,15,0.8,S
CLE,2024-03-16,L,239,103,37,82,0.451,12,38,0.316,17,20,0.85,S
UTA,2024-03-16,L,241,100,38,83,0.458,6,26,0.231,18,21,0.857,N
IND,2024-03-16,W,240,121,50,105,0.476,6,30,0.2,15,16,0.938,S
MEM,2024-03-16,L,240,112,37,81,0.457,18,44,0.409,20,26,0.769,S
CHI,2024-03-16,W,240,127,49,85,0.576,8,24,0.333,21,29,0.724,S
LAL,2024-03-16,L,241,121,47,92,0.511,12,34,0.353,15,18,0.833,S
POR,2024-03-16,L,241,107,42,84,0.5,12,33,0.364,11,12,0.917,S
SAC,2024-03-16,L,239,91,30,85,0.353,10,37,0.27,21,26,0.808,N
BKN,2024-03-16,L,241,100,33,77,0.429,10,25,0.4,24,31,0.774,N
CHA,2024-03-15,L,239,96,35,94,0.372,6,37,0.162,20,27,0.741,N
ATL,2024-03-15,L,241,122,41,92,0.446,20,39,0.513,20,27,0.741,S
TOR,2024-03-15,L,241,103,38,81,0.469,14,34,0.412,13,20,0.65,S
MIA,2024-03-15,W,239,108,43,91,0.473,7,34,0.206,15,21,0.714,S
UTA,2024-03-15,W,239,124,46,90,0.511,14,36,0.389,18,20,0.9,S
SAS,2024-03-15,L,240,106,37,81,0.457,11,29,0.379,21,27,0.778,S
DET,2024-03-15,L,240,95,36,84,0.429,10,38,0.263,13,15,0.867,N
NOP,2024-03-15,W,240,112,42,87,0.483,13,35,0.371,15,20,0.75,S
PHX,2024-03-15,W,240,107,40,87,0.46,11,38,0.289,16,20,0.8,S
LAC,2024-03-15,L,240,104,37,77,0.481,12,33,0.364,18,19,0.947,S
ORL,2024-03-15,W,239,113,40,80,0.5,14,31,0.452,19,22,0.864,S
DEN,2024-03-15,W,240,117,49,89,0.551,10,25,0.4,9,12,0.75,S
LAC,2024-03-14,W,240,126,48,80,0.6,20,40,0.5,10,14,0.714,S
WAS,2024-03-14,L,242,119,46,93,0.495,12,38,0.316,15,19,0.789,S
DAL,2024-03-14,L,241,119,43,84,0.512,12,29,0.414,21,26,0.808,S
CHI,2024-03-14,L,239,111,41,86,0.477,16,35,0.457,13,16,0.813,S
POR,2024-03-14,L,240,93,34,84,0.405,11,33,0.333,14,16,0.875,N
MIL,2024-03-14,W,241,114,39,72,0.542,16,36,0.444,20,24,0.833,S
HOU,2024-03-14,W,241,135,51,87,0.586,12,28,0.429,21,24,0.875,S
OKC,2024-03-14,W,239,126,45,86,0.523,16,39,0.41,20,23,0.87,S
PHI,2024-03-14,L,240,105,39,79,0.494,17,35,0.486,10,14,0.714,S
PHX,2024-03-14,L,241,112,47,99,0.475,11,31,0.355,7,10,0.7,S
BOS,2024-03-14,W,240,127,47,89,0.528,25,50,0.5,8,11,0.727,S
NYK,2024-03-14,W,241,105,38,87,0.437,6,29,0.207,23,26,0.885,S
ATL,2024-03-13,L,240,102,38,88,0.432,14,39,0.359,12,18,0.667,S
CLE,2024-03-13,W,242,116,47,92,0.511,20,45,0.444,2,3,0.667,S
POR,2024-03-13,W,240,106,38,82,0.463,10,30,0.333,20,24,0.833,S
BKN,2024-03-13,L,240,106,38,81,0.469,7,26,0.269,23,27,0.852,S
DET,2024-03-13,W,240,113,39,88,0.443,11,30,0.367,24,31,0.774,S
SAC,2024-03-13,W,239,120,46,88,0.523,19,41,0.463,9,12,0.75,S
IND,2024-03-13,L,266,129,46,99,0.465,14,45,0.311,23,28,0.821,S
MEM,2024-03-13,L,239,98,36,85,0.424,16,40,0.4,10,11,0.909,N
TOR,2024-03-13,L,240,104,41,93,0.441,9,36,0.25,13,19,0.684,S
MIA,2024-03-13,L,241,88,34,80,0.425,5,21,0.238,15,18,0.833,N
DEN,2024-03-13,W,241,100,40,82,0.488,11,33,0.333,9,13,0.692,N
NOP,2024-03-13,L,242,95,35,80,0.438,4,22,0.182,21,26,0.808,N
CHA,2024-03-13,W,241,110,44,82,0.537,13,36,0.361,9,13,0.692,S
CHI,2024-03-13,W,265,132,48,92,0.522,10,28,0.357,26,32,0.813,S
LAL,2024-03-13,L,240,107,38,78,0.487,14,32,0.438,17,22,0.773,S
ORL,2024-03-13,W,242,114,40,77,0.519,14,32,0.438,20,26,0.769,S
GSW,2024-03-13,L,241,99,37,92,0.402,9,28,0.321,16,19,0.842,N
DAL,2024-03-13,W,241,109,44,82,0.537,6,27,0.222,15,19,0.789,S
MIN,2024-03-12,W,242,118,48,94,0.511,12,33,0.364,10,14,0.714,S
OKC,2024-03-12,L,239,111,43,99,0.434,14,37,0.378,11,15,0.733,S
IND,2024-03-12,W,239,121,48,89,0.539,9,28,0.321,16,19,0.842,S
MIL,2024-03-12,L,242,94,30,82,0.366,7,39,0.179,27,35,0.771,N
MEM,2024-03-12,W,241,109,42,94,0.447,8,33,0.242,17,21,0.81,S
BOS,2024-03-12,W,241,123,43,92,0.467,20,49,0.408,17,19,0.895,S
SAS,2024-03-12,L,238,101,39,82,0.476,11,36,0.306,12,14,0.857,S
HOU,2024-03-12,W,240,103,37,80,0.463,10,32,0.313,19,21,0.905,S
UTA,2024-03-12,L,239,107,41,86,0.477,15,32,0.469,10,11,0.909,S
LAC,2024-03-12,L,240,100,34,72,0.472,11,30,0.367,21,25,0.84,N
NYK,2024-03-12,W,240,106,40,79,0.506,14,40,0.35,12,15,0.8,S
WAS,2024-03-12,L,240,97,37,82,0.451,11,36,0.306,12,16,0.75,N
SAC,2024-03-12,W,240,129,49,92,0.533,18,40,0.45,13,16,0.813,S
PHI,2024-03-12,L,240,79,30,80,0.375,8,33,0.242,11,16,0.688,N
POR,2024-03-11,L,241,99,39,87,0.448,10,28,0.357,11,11,1.0,N
TOR,2024-03-11,L,240,119,47,93,0.505,11,30,0.367,14,17,0.824,S
GSW,2024-03-11,W,240,112,46,93,0.495,12,27,0.444,8,12,0.667,S
DET,2024-03-11,W,240,114,41,86,0.477,10,42,0.238,22,24,0.917,S
CLE,2024-03-11,L,239,111,40,84,0.476,15,46,0.326,16,19,0.842,S
CHI,2024-03-11,L,238,92,35,89,0.393,7,34,0.206,15,22,0.682,N
CHA,2024-03-11,L,240,97,34,88,0.386,13,40,0.325,16,23,0.696,N
DAL,2024-03-11,W,239,127,51,93,0.548,13,41,0.317,12,15,0.8,S
DEN,2024-03-11,W,239,125,52,95,0.547,10,29,0.345,11,18,0.611,S
BOS,2024-03-11,W,241,121,49,100,0.49,15,40,0.375,8,12,0.667,S
SAS,2024-03-11,L,240,102,39,93,0.419,14,37,0.378,10,15,0.667,S
PHX,2024-03-11,W,240,117,46,84,0.548,12,32,0.375,13,19,0.684,S
LAL,2024-03-10,W,240,120,44,83,0.53,10,24,0.417,22,29,0.759,S
MIL,2024-03-10,W,240,124,43,87,0.494,17,38,0.447,21,27,0.778,S
IND,2024-03-10,W,239,111,38,78,0.487,8,23,0.348,27,33,0.818,S
LAC,2024-03-10,L,240,117,47,104,0.452,14,47,0.298,9,10,0.9,S
BKN,2024-03-10,W,241,120,42,79,0.532,18,35,0.514,18,20,0.9,S
ORL,2024-03-10,L,240,97,33,88,0.375,9,36,0.25,22,29,0.759,N
ATL,2024-03-10,L,240,103,38,91,0.418,17,46,0.37,10,13,0.769,S
NYK,2024-03-10,L,240,73,26,80,0.325,9,40,0.225,12,16,0.75,N
CLE,2024-03-10,L,241,101,37,76,0.487,14,32,0.438,13,20,0.65,S
SAC,2024-03-10,L,240,104,39,86,0.453,6,32,0.188,20,23,0.87,S
HOU,2024-03-10,W,240,112,39,84,0.464,12,29,0.414,22,27,0.815,S
PHI,2024-03-10,W,240,79,31,80,0.388,9,30,0.3,8,14,0.571,N
OKC,2024-03-10,W,242,124,49,93,0.527,21,47,0.447,5,5,1.0,S
MEM,2024-03-10,L,240,93,32,78,0.41,11,33,0.333,18,27,0.667,N
MIA,2024-03-10,L,240,108,43,95,0.453,10,33,0.303,12,18,0.667,S
WAS,2024-03-10,W,239,110,39,81,0.481,16,39,0.41,16,22,0.727,S
MIN,2024-03-10,L,239,109,41,97,0.423,16,46,0.348,11,13,0.846,S
NOP,2024-03-10,W,240,116,43,75,0.573,14,27,0.519,16,22,0.727,S
DEN,2024-03-09,W,239,142,55,83,0.663,19,32,0.594,13,16,0.813,S
BOS,2024-03-09,W,240,117,46,94,0.489,15,39,0.385,10,13,0.769,S
CHA,2024-03-09,W,241,110,44,81,0.543,11,30,0.367,11,15,0.733,S
SAS,2024-03-09,W,239,126,44,86,0.512,17,33,0.515,21,28,0.75,S
DAL,2024-03-09,W,240,142,51,92,0.554,14,38,0.368,26,32,0.813,S
TOR,2024-03-09,L,265,118,43,91,0.473,16,43,0.372,16,19,0.842,S
GSW,2024-03-09,L,241,113,41,88,0.466,10,30,0.333,21,29,0.724,S
BKN,2024-03-09,L,239,99,36,90,0.4,14,42,0.333,13,17,0.765,N
DET,2024-03-09,L,239,124,45,99,0.455,13,37,0.351,21,25,0.84,S
POR,2024-03-09,W,265,128,49,103,0.476,16,40,0.4,14,15,0.933,S
CHI,2024-03-09,L,239,102,37,86,0.43,13,35,0.371,15,19,0.789,S
UTA,2024-03-09,L,240,121,47,94,0.5,8,26,0.308,19,25,0.76,S
PHX,2024-03-09,L,239,107,44,87,0.506,9,31,0.29,10,16,0.625,S
LAC,2024-03-09,W,240,112,42,84,0.5,12,35,0.343,16,18,0.889,S
ORL,2024-03-08,L,239,74,27,79,0.342,6,26,0.231,14,20,0.7,N
LAL,2024-03-08,W,239,123,47,90,0.522,16,34,0.471,13,19,0.684,S
MEM,2024-03-08,L,241,92,30,74,0.405,10,26,0.385,22,30,0.733,N
NOP,2024-03-08,W,241,103,35,79,0.443,11,31,0.355,22,23,0.957,S
WAS,2024-03-08,W,240,112,43,87,0.494,6,33,0.182,20,23,0.87,S
POR,2024-03-08,L,237,107,37,89,0.416,16,35,0.457,17,25,0.68,S
NYK,2024-03-08,W,239,98,38,79,0.481,16,33,0.485,6,8,0.75,N
ATL,2024-03-08,W,240,99,37,87,0.425,15,35,0.429,10,15,0.667,N
CHA,2024-03-08,L,240,100,40,100,0.4,9,42,0.214,11,15,0.733,N
OKC,2024-03-08,W,238,107,42,89,0.472,12,38,0.316,11,13,0.846,S
MIA,2024-03-08,L,240,100,38,82,0.463,11,29,0.379,13,18,0.722,N
MIL,2024-03-08,L,240,122,46,93,0.495,16,41,0.39,14,17,0.824,S
MIN,2024-03-08,L,265,104,39,94,0.415,8,30,0.267,18,22,0.818,S
HOU,2024-03-08,W,239,123,45,94,0.479,14,37,0.378,19,26,0.731,S
CLE,2024-03-08,W,265,113,38,88,0.432,11,34,0.324,26,36,0.722,S
PHI,2024-03-08,L,239,95,35,88,0.398,9,37,0.243,16,20,0.8,N
IND,2024-03-07,L,241,111,42,82,0.512,10,26,0.385,17,23,0.739,S
CHI,2024-03-07,W,240,125,46,87,0.529,16,36,0.444,17,23,0.739,S
GSW,2024-03-07,L,241,122,44,97,0.454,11,42,0.262,23,28,0.821,S
TOR,2024-03-07,L,241,113,43,94,0.457,16,44,0.364,11,15,0.733,S
DEN,2024-03-07,W,240,115,45,90,0.5,4,21,0.19,21,22,0.955,S
BKN,2024-03-07,L,240,112,41,84,0.488,17,41,0.415,13,18,0.722,S
PHX,2024-03-07,W,240,120,44,86,0.512,15,35,0.429,17,20,0.85,S
BOS,2024-03-07,L,240,109,41,91,0.451,11,38,0.289,16,25,0.64,S
DAL,2024-03-07,W,240,114,40,87,0.46,16,41,0.39,18,23,0.783,S
SAS,2024-03-07,L,240,129,46,91,0.505,16,33,0.485,21,21,1.0,S
MIA,2024-03-07,L,241,108,40,82,0.488,17,38,0.447,11,17,0.647,S
SAC,2024-03-07,W,238,131,52,102,0.51,10,32,0.313,17,18,0.944,S
DET,2024-03-07,W,240,118,43,82,0.524,12,30,0.4,20,21,0.952,S
MIN,2024-03-07,W,241,113,46,98,0.469,7,25,0.28,14,19,0.737,S
CHI,2024-03-06,W,239,119,45,90,0.5,17,39,0.436,12,15,0.8,S
LAL,2024-03-06,L,240,120,42,81,0.519,15,32,0.469,21,25,0.84,S
LAC,2024-03-06,W,240,122,44,80,0.55,12,29,0.414,22,26,0.846,S
CLE,2024-03-06,L,240,101,39,89,0.438,10,44,0.227,13,17,0.765,S
WAS,2024-03-06,L,239,109,40,88,0.455,12,38,0.316,17,20,0.85,S
ATL,2024-03-06,W,241,112,43,84,0.512,11,30,0.367,15,20,0.75,S
POR,2024-03-06,L,240,120,41,81,0.506,14,34,0.412,24,27,0.889,S
UTA,2024-03-06,L,239,117,44,96,0.458,15,47,0.319,14,16,0.875,S
OKC,2024-03-06,W,240,128,43,74,0.581,9,22,0.409,33,39,0.846,S
MEM,2024-03-06,W,241,115,41,91,0.451,13,37,0.351,20,23,0.87,S
ORL,2024-03-06,W,240,119,44,81,0.543,12,26,0.462,19,21,0.905,S
PHI,2024-03-06,L,239,109,39,102,0.382,13,35,0.371,18,21,0.857,S
GSW,2024-03-06,W,240,125,51,91,0.56,19,39,0.487,4,7,0.571,S
SAC,2024-03-06,W,239,130,54,97,0.557,12,31,0.387,10,12,0.833,S
HOU,2024-03-06,L,242,116,45,94,0.479,16,37,0.432,10,17,0.588,S
MIL,2024-03-06,L,239,90,34,89,0.382,11,39,0.282,11,15,0.733,N
ATL,2024-03-05,W,239,116,44,87,0.506,10,31,0.323,18,23,0.783,S
PHX,2024-03-05,W,266,117,42,96,0.438,15,34,0.441,18,22,0.818,S
HOU,2024-03-05,W,239,114,49,105,0.467,9,34,0.265,7,11,0.636,S
CHA,2024-03-05,L,241,89,33,72,0.458,12,33,0.364,11,11,1.0,N
DEN,2024-03-05,L,265,107,41,96,0.427,15,40,0.375,10,14,0.714,S
BKN,2024-03-05,W,240,112,41,84,0.488,12,30,0.4,18,24,0.75,S
NOP,2024-03-05,W,239,139,53,105,0.505,24,49,0.49,9,11,0.818,S
TOR,2024-03-05,L,240,98,36,93,0.387,13,44,0.295,13,22,0.591,N
NYK,2024-03-05,L,241,100,38,99,0.384,16,52,0.308,8,11,0.727,N
BOS,2024-03-05,L,241,104,39,93,0.419,15,38,0.395,11,12,0.917,S
DET,2024-03-05,L,239,110,39,89,0.438,12,42,0.286,20,22,0.909,S
IND,2024-03-05,W,241,137,50,93,0.538,18,39,0.462,19,24,0.792,S
CLE,2024-03-05,W,239,105,39,90,0.433,20,42,0.476,7,11,0.636,S
ORL,2024-03-05,W,241,101,40,74,0.541,13,35,0.371,8,15,0.533,S
DAL,2024-03-05,L,241,120,45,93,0.484,13,39,0.333,17,21,0.81,S
MIA,2024-03-05,W,240,118,42,85,0.494,14,31,0.452,20,23,0.87,S
PHI,2024-03-05,L,240,107,40,82,0.488,12,28,0.429,15,19,0.789,S
SAS,2024-03-05,L,241,101,38,87,0.437,12,36,0.333,13,16,0.813,S
OKC,2024-03-04,L,239,104,37,94,0.394,15,39,0.385,15,16,0.938,S
MIN,2024-03-04,W,240,119,40,79,0.506,11,28,0.393,28,37,0.757,S
POR,2024-03-04,L,240,114,45,92,0.489,16,39,0.41,8,11,0.727,S
LAL,2024-03-04,W,240,116,41,80,0.513,16,34,0.471,18,25,0.72,S
LAC,2024-03-04,L,239,106,37,84,0.44,16,40,0.4,16,25,0.64,S
SAC,2024-03-04,L,241,109,41,92,0.446,11,37,0.297,16,18,0.889,S
BKN,2024-03-04,L,240,102,35,79,0.443,15,42,0.357,17,30,0.567,S
WAS,2024-03-04,L,240,115,40,94,0.426,16,38,0.421,19,23,0.826,S
MIL,2024-03-04,W,240,113,37,78,0.474,15,38,0.395,24,28,0.857,S
CHI,2024-03-04,W,241,113,42,84,0.5,11,32,0.344,18,22,0.818,S
MEM,2024-03-04,W,241,106,38,82,0.463,12,37,0.324,18,22,0.818,S
UTA,2024-03-04,W,240,127,49,101,0.485,16,40,0.4,13,15,0.867,S
SAS,2024-03-03,W,239,117,46,85,0.541,10,25,0.4,15,19,0.789,S
PHI,2024-03-03,W,239,120,40,88,0.455,11,37,0.297,29,31,0.935,S
PHX,2024-03-03,L,240,110,40,91,0.44,14,39,0.359,16,18,0.889,S
GSW,2024-03-03,L,240,88,36,92,0.391,7,41,0.171,9,13,0.692,N
BOS,2024-03-03,W,240,140,53,96,0.552,25,49,0.51,9,11,0.818,S
DET,2024-03-03,L,241,91,33,86,0.384,8,36,0.222,17,20,0.85,N
MIN,2024-03-03,L,239,88,31,80,0.388,9,33,0.273,17,18,0.944,N
CHA,2024-03-03,L,241,106,43,92,0.467,8,27,0.296,12,16,0.75,S
DAL,2024-03-03,L,239,116,40,86,0.465,16,41,0.39,20,23,0.87,S
ORL,2024-03-03,W,239,113,43,72,0.597,7,23,0.304,20,25,0.8,S
CLE,2024-03-03,L,241,98,39,87,0.448,17,44,0.386,3,8,0.375,N
OKC,2024-03-03,W,240,118,49,102,0.48,9,31,0.29,11,15,0.733,S
TOR,2024-03-03,W,240,111,42,91,0.462,13,38,0.342,14,18,0.778,S
IND,2024-03-03,L,240,105,41,93,0.441,6,30,0.2,17,21,0.81,S
NYK,2024-03-03,W,239,107,42,86,0.488,16,39,0.41,7,10,0.7,S
LAC,2024-03-03,W,239,89,32,85,0.376,10,34,0.294,15,17,0.882,N
PHX,2024-03-02,L,239,109,39,85,0.459,9,29,0.31,22,29,0.759,S
MEM,2024-03-02,L,265,100,30,83,0.361,15,40,0.375,25,33,0.758,N
HOU,2024-03-02,W,240,118,42,96,0.438,16,42,0.381,18,26,0.692,S
MIA,2024-03-02,W,241,126,46,88,0.523,13,34,0.382,21,25,0.84,S
BKN,2024-03-02,W,239,114,41,88,0.466,15,32,0.469,17,22,0.773,S
UTA,2024-03-02,L,240,120,42,87,0.483,14,35,0.4,22,26,0.846,S
POR,2024-03-02,W,266,107,39,92,0.424,11,35,0.314,18,24,0.75,S
ATL,2024-03-02,L,241,102,37,87,0.425,11,34,0.324,17,23,0.739,S
LAL,2024-03-02,L,241,114,47,89,0.528,12,29,0.414,8,11,0.727,S
DEN,2024-03-02,W,240,124,54,92,0.587,11,26,0.423,5,7,0.714,S
MIN,2024-03-01,L,267,120,42,85,0.494,12,31,0.387,24,32,0.75,S
GSW,2024-03-01,W,241,120,44,98,0.449,18,44,0.409,14,18,0.778,S
PHI,2024-03-01,W,239,121,46,96,0.479,19,44,0.432,10,11,0.909,S
CHA,2024-03-01,L,240,114,43,84,0.512,14,33,0.424,14,17,0.824,S
MIL,2024-03-01,W,240,113,37,86,0.43,15,46,0.326,24,32,0.75,S
SAC,2024-03-01,W,265,124,50,100,0.5,11,29,0.379,13,24,0.542,S
TOR,2024-03-01,L,240,105,41,95,0.432,12,45,0.267,11,17,0.647,S
NOP,2024-03-01,W,241,129,48,86,0.558,15,32,0.469,18,26,0.692,S
CLE,2024-03-01,W,240,110,33,83,0.398,18,41,0.439,26,30,0.867,S
DAL,2024-03-01,L,240,110,44,94,0.468,9,34,0.265,13,18,0.722,S
POR,2024-03-01,W,239,122,48,92,0.522,13,31,0.419,13,16,0.813,S
MEM,2024-03-01,L,241,92,35,79,0.443,9,24,0.375,13,22,0.591,N
WAS,2024-03-01,L,240,115,46,98,0.469,12,34,0.353,11,15,0.733,S
DET,2024-03-01,L,240,100,33,89,0.371,10,36,0.278,24,28,0.857,N
IND,2024-03-01,L,241,102,40,95,0.421,10,32,0.313,12,18,0.667,S
CHI,2024-03-01,L,240,97,36,86,0.419,11,27,0.407,14,16,0.875,N
LAC,2024-03-01,W,238,140,54,94,0.574,13,32,0.406,19,25,0.76,S
BOS,2024-03-01,W,240,138,52,94,0.553,21,43,0.488,13,13,1.0,S
SAS,2024-02-29,W,240,132,48,91,0.527,19,39,0.487,17,20,0.85,S
HOU,2024-02-29,L,241,105,33,99,0.333,11,45,0.244,28,31,0.903,S
CHA,2024-02-29,L,240,99,36,82,0.439,12,39,0.308,15,20,0.75,N
UTA,2024-02-29,L,242,107,34,80,0.425,16,37,0.432,23,28,0.821,S
LAL,2024-02-29,W,265,134,53,101,0.525,8,23,0.348,20,24,0.833,S
PHX,2024-02-29,W,240,110,36,89,0.404,13,37,0.351,25,37,0.676,S
MIA,2024-02-29,L,240,97,35,83,0.422,7,26,0.269,20,24,0.833,N
DEN,2024-02-29,W,239,103,36,84,0.429,12,34,0.353,19,21,0.905,S
NYK,2024-02-29,L,239,99,35,95,0.368,12,39,0.308,17,24,0.708,N
GSW,2024-02-29,W,242,110,44,98,0.449,14,44,0.318,8,16,0.5,S
OKC,2024-02-29,L,239,118,44,89,0.494,9,31,0.29,21,22,0.955,S
ORL,2024-02-29,W,240,115,42,77,0.545,10,30,0.333,21,31,0.677,S
MIL,2024-02-29,W,239,111,39,86,0.453,16,39,0.41,17,20,0.85,S
ATL,2024-02-29,L,241,97,37,86,0.43,8,28,0.286,15,21,0.714,N
WAS,2024-02-29,L,264,131,52,102,0.51,17,41,0.415,10,12,0.833,S
BKN,2024-02-29,W,241,124,46,90,0.511,22,46,0.478,10,13,0.769,S
SAC,2024-02-28,L,239,96,38,95,0.4,12,35,0.343,8,13,0.615,N
TOR,2024-02-28,L,240,125,46,98,0.469,13,35,0.371,20,30,0.667,S
NOP,2024-02-28,L,240,114,42,90,0.467,11,29,0.379,19,23,0.826,S
DEN,2024-02-28,W,241,117,46,86,0.535,15,35,0.429,10,11,0.909,S
CLE,2024-02-28,L,289,123,45,104,0.433,22,54,0.407,11,19,0.579,S
IND,2024-02-28,W,241,123,50,102,0.49,14,38,0.368,9,9,1.0,S
DAL,2024-02-28,W,240,136,52,96,0.542,15,43,0.349,17,21,0.81,S
LAC,2024-02-28,L,239,112,45,89,0.506,10,37,0.27,12,16,0.75,S
MEM,2024-02-28,L,241,101,36,93,0.387,11,37,0.297,18,20,0.9,S
CHI,2024-02-28,W,291,132,44,110,0.4,13,37,0.351,31,38,0.816,S
LAL,2024-02-28,W,240,116,47,86,0.547,14,36,0.389,8,10,0.8,S
MIN,2024-02-28,W,241,110,39,79,0.494,14,35,0.4,18,22,0.818,S
ATL,2024-02-27,W,239,124,46,93,0.495,12,32,0.375,20,23,0.87,S
CHI,2024-02-27,L,240,95,39,98,0.398,2,29,0.069,15,18,0.833,N
BOS,2024-02-27,W,240,117,39,74,0.527,5,22,0.227,34,37,0.919,S
DET,2024-02-27,W,240,105,37,75,0.493,14,37,0.378,17,23,0.739,S
MIL,2024-02-27,W,238,123,46,89,0.517,16,40,0.4,15,18,0.833,S
MIN,2024-02-27,W,239,114,43,93,0.462,13,31,0.419,15,17,0.882,S
NOP,2024-02-27,W,241,115,39,77,0.506,18,34,0.529,19,23,0.826,S
PHI,2024-02-27,L,240,99,37,94,0.394,14,42,0.333,11,12,0.917,N
HOU,2024-02-27,L,239,95,37,95,0.389,9,39,0.231,12,18,0.667,N
MIA,2024-02-27,W,239,106,37,70,0.529,14,26,0.538,18,26,0.692,S
CHA,2024-02-27,L,241,85,30,81,0.37,11,40,0.275,14,17,0.824,N
ORL,2024-02-27,W,240,108,39,74,0.527,9,25,0.36,21,25,0.84,S
OKC,2024-02-27,W,241,112,44,93,0.473,10,27,0.37,14,18,0.778,S
GSW,2024-02-27,W,240,123,47,94,0.5,21,46,0.457,8,11,0.727,S
POR,2024-02-27,L,240,96,35,86,0.407,10,31,0.323,16,19,0.842,N
UTA,2024-02-27,L,240,97,35,94,0.372,11,38,0.289,16,19,0.842,N
CLE,2024-02-27,W,240,121,44,83,0.53,20,40,0.5,13,18,0.722,S
DAL,2024-02-27,L,240,119,48,91,0.527,14,33,0.424,9,15,0.6,S
WAS,2024-02-27,L,239,112,46,93,0.495,12,35,0.343,8,10,0.8,S
NYK,2024-02-27,L,241,92,31,83,0.373,14,46,0.304,16,23,0.696,N
BKN,2024-02-27,L,239,81,31,79,0.392,8,31,0.258,11,14,0.786,N
SAS,2024-02-27,L,240,105,39,82,0.476,16,41,0.39,11,15,0.733,S
IND,2024-02-26,L,241,122,46,100,0.46,13,42,0.31,17,23,0.739,S
DET,2024-02-26,L,241,111,38,79,0.481,14,30,0.467,21,26,0.808,S
MEM,2024-02-26,L,240,86,29,75,0.387,7,26,0.269,21,26,0.808,N
TOR,2024-02-26,W,241,130,53,96,0.552,12,28,0.429,12,17,0.706,S
MIA,2024-02-26,W,240,121,45,87,0.517,11,30,0.367,20,25,0.8,S
SAC,2024-02-26,L,241,110,45,85,0.529,13,32,0.406,7,12,0.583,S
NYK,2024-02-26,W,241,113,41,92,0.446,15,39,0.385,16,21,0.762,S
BKN,2024-02-26,W,239,111,44,90,0.489,15,42,0.357,8,14,0.571,S
NOP,2024-02-25,L,240,106,40,88,0.455,16,41,0.39,10,14,0.714,S
CLE,2024-02-25,W,240,114,42,83,0.506,10,32,0.313,20,27,0.741,S
ATL,2024-02-25,W,241,109,41,90,0.456,12,29,0.414,15,17,0.882,S
UTA,2024-02-25,W,242,128,46,90,0.511,17,35,0.486,19,22,0.864,S
PHI,2024-02-25,L,239,98,36,97,0.371,16,46,0.348,10,11,0.909,N
ORL,2024-02-25,L,240,92,35,84,0.417,14,38,0.368,8,18,0.444,N
OKC,2024-02-25,W,241,123,46,97,0.474,17,35,0.486,14,15,0.933,S
LAC,2024-02-25,L,238,107,40,82,0.488,8,27,0.296,19,20,0.95,S
GSW,2024-02-25,L,241,103,35,81,0.432,11,34,0.324,22,29,0.759,S
CHI,2024-02-25,W,240,114,41,95,0.432,13,40,0.325,19,21,0.905,S
SAC,2024-02-25,W,241,123,45,91,0.495,15,37,0.405,18,22,0.818,S
HOU,2024-02-25,L,239,110,38,93,0.409,16,41,0.39,18,23,0.783,S
SAS,2024-02-25,L,240,109,42,91,0.462,13,31,0.419,12,19,0.632,S
WAS,2024-02-25,L,240,105,40,90,0.444,12,40,0.3,13,18,0.722,S
PHX,2024-02-25,W,239,123,44,93,0.473,17,40,0.425,18,19,0.947,S
LAL,2024-02-25,L,240,113,47,90,0.522,15,35,0.429,4,8,0.5,S
MIL,2024-02-25,W,242,119,43,79,0.544,18,37,0.486,15,18,0.833,S
IND,2024-02-25,W,239,133,52,93,0.559,14,36,0.389,15,17,0.882,S
CHA,2024-02-25,W,241,93,37,75,0.493,7,24,0.292,12,17,0.706,N
POR,2024-02-25,L,240,80,33,95,0.347,3,32,0.094,11,16,0.688,N
DAL,2024-02-25,L,240,111,41,87,0.471,14,31,0.452,15,21,0.714,S
DEN,2024-02-25,W,242,119,43,88,0.489,11,32,0.344,22,26,0.846,S
BKN,2024-02-24,L,237,86,35,104,0.337,6,35,0.171,10,11,0.909,N
ORL,2024-02-24,W,238,112,43,87,0.494,12,24,0.5,14,21,0.667,S
DET,2024-02-24,L,240,109,43,85,0.506,14,31,0.452,9,13,0.692,S
BOS,2024-02-24,W,239,116,46,81,0.568,15,35,0.429,9,12,0.75,S
MIN,2024-02-24,W,238,101,36,84,0.429,12,38,0.316,17,23,0.739,S
NYK,2024-02-24,L,240,102,37,82,0.451,13,38,0.342,15,16,0.938,S
MEM,2024-02-23,L,240,95,38,91,0.418,8,35,0.229,11,16,0.688,N
MIN,2024-02-23,L,240,107,43,98,0.439,13,35,0.371,8,13,0.615,S
PHI,2024-02-23,W,240,104,40,90,0.444,12,29,0.414,12,15,0.8,S
CLE,2024-02-23,L,239,97,34,80,0.425,8,27,0.296,21,31,0.677,N
GSW,2024-02-23,W,238,97,38,89,0.427,13,42,0.31,8,10,0.8,N
NOP,2024-02-23,L,242,95,39,104,0.375,7,32,0.219,10,13,0.769,N
OKC,2024-02-23,W,240,147,55,92,0.598,20,40,0.5,17,21,0.81,S
MIA,2024-02-23,W,241,106,38,82,0.463,13,29,0.448,17,25,0.68,S
HOU,2024-02-23,W,240,114,37,93,0.398,15,45,0.333,25,34,0.735,S
SAS,2024-02-23,L,238,118,42,96,0.438,15,38,0.395,19,23,0.826,S
PHX,2024-02-23,L,240,110,38,95,0.4,7,31,0.226,27,35,0.771,S
CHA,2024-02-23,L,241,84,32,88,0.364,11,39,0.282,9,11,0.818,N
MIL,2024-02-23,W,240,112,41,87,0.471,13,37,0.351,17,25,0.68,S
ATL,2024-02-23,L,239,121,46,106,0.434,12,39,0.308,17,24,0.708,S
LAL,2024-02-23,W,241,123,49,95,0.516,11,27,0.407,14,18,0.778,S
DEN,2024-02-23,W,240,127,50,85,0.588,13,33,0.394,14,22,0.636,S
LAC,2024-02-23,W,240,101,37,84,0.44,12,32,0.375,15,17,0.882,S
POR,2024-02-23,L,238,112,46,101,0.455,8,25,0.32,12,18,0.667,S
WAS,2024-02-23,L,244,106,41,104,0.394,9,38,0.237,15,21,0.714,S
TOR,2024-02-23,W,241,123,50,102,0.49,15,39,0.385,8,8,1.0,S
DAL,2024-02-22,W,240,123,43,90,0.478,19,44,0.432,18,21,0.857,S
HOU,2024-02-22,L,240,105,36,82,0.439,15,41,0.366,18,28,0.643,S
IND,2024-02-22,W,240,129,50,94,0.532,13,30,0.433,16,19,0.842,S
NYK,2024-02-22,W,239,110,38,79,0.481,15,34,0.441,19,27,0.704,S
OKC,2024-02-22,W,241,129,50,90,0.556,17,35,0.486,12,17,0.706,S
TOR,2024-02-22,W,240,121,41,84,0.488,14,31,0.452,25,30,0.833,S
UTA,2024-02-22,L,240,107,37,86,0.43,9,39,0.231,24,27,0.889,S
ORL,2024-02-22,W,241,116,43,84,0.512,14,25,0.56,16,18,0.889,S
CHA,2024-02-22,W,240,115,40,92,0.435,20,42,0.476,15,22,0.682,S
SAS,2024-02-22,L,240,122,50,98,0.51,11,25,0.44,11,16,0.688,S
GSW,2024-02-22,W,241,128,50,107,0.467,16,41,0.39,12,14,0.857,S
LAL,2024-02-22,L,241,110,43,88,0.489,10,35,0.286,14,21,0.667,S
WAS,2024-02-22,L,239,110,40,104,0.385,17,38,0.447,13,23,0.565,S
NOP,2024-02-22,W,239,127,50,96,0.521,16,41,0.39,11,18,0.611,S
PHI,2024-02-22,L,239,96,37,84,0.44,10,29,0.345,12,14,0.857,N
DET,2024-02-22,L,240,115,47,89,0.528,12,30,0.4,9,18,0.5,S
DEN,2024-02-22,W,239,130,56,101,0.554,7,31,0.226,11,15,0.733,S
LAC,2024-02-22,L,240,107,42,93,0.452,12,32,0.375,11,13,0.846,S
SAC,2024-02-22,W,240,127,52,93,0.559,13,33,0.394,10,14,0.714,S
CHI,2024-02-22,L,242,112,44,94,0.468,10,28,0.357,14,16,0.875,S
PHX,2024-02-22,L,240,113,40,83,0.482,15,36,0.417,18,24,0.75,S
CLE,2024-02-22,L,240,109,39,70,0.557,10,22,0.455,21,26,0.808,S
BKN,2024-02-22,L,240,93,33,80,0.413,11,37,0.297,16,22,0.727,N
BOS,2024-02-22,W,240,129,45,83,0.542,23,47,0.489,16,21,0.762,S
MIN,2024-02-15,W,239,128,46,89,0.517,11,30,0.367,25,27,0.926,S
POR,2024-02-15,L,238,91,31,83,0.373,8,29,0.276,21,30,0.7,N
UTA,2024-02-15,L,240,137,43,93,0.462,22,49,0.449,29,32,0.906,S
MIL,2024-02-15,L,241,110,42,90,0.467,11,44,0.25,15,20,0.75,S
GSW,2024-02-15,W,239,140,49,92,0.533,20,42,0.476,22,28,0.786,S
MEM,2024-02-15,W,240,113,44,83,0.53,13,26,0.5,12,19,0.632,S
CHA,2024-02-14,W,239,122,44,89,0.494,15,37,0.405,19,20,0.95,S
BOS,2024-02-14,W,240,136,52,91,0.571,22,45,0.489,10,12,0.833,S
PHI,2024-02-14,L,240,104,41,86,0.477,10,35,0.286,12,16,0.75,S
DEN,2024-02-14,L,239,98,35,89,0.393,9,26,0.346,19,22,0.864,N
SAC,2024-02-14,W,242,102,39,89,0.438,9,33,0.273,15,19,0.789,S
CLE,2024-02-14,W,240,108,40,83,0.482,12,37,0.324,16,21,0.762,S
SAS,2024-02-14,L,239,93,36,100,0.36,10,40,0.25,11,15,0.733,N
LAC,2024-02-14,W,240,130,44,88,0.5,13,38,0.342,29,37,0.784,S
GSW,2024-02-14,L,240,125,47,103,0.456,18,47,0.383,13,18,0.722,S
ATL,2024-02-14,L,239,99,36,89,0.404,9,38,0.237,18,20,0.9,N
MIA,2024-02-14,W,239,109,42,88,0.477,11,35,0.314,14,15,0.933,S
DET,2024-02-14,L,241,100,38,99,0.384,10,37,0.27,14,22,0.636,N
TOR,2024-02-14,L,240,125,50,98,0.51,6,26,0.231,19,26,0.731,S
WAS,2024-02-14,L,240,126,44,92,0.478,21,45,0.467,17,20,0.85,S
NOP,2024-02-14,W,240,133,50,89,0.562,10,32,0.313,23,29,0.793,S
UTA,2024-02-14,L,238,122,49,101,0.485,14,45,0.311,10,13,0.769,S
ORL,2024-02-14,W,241,118,48,76,0.632,12,26,0.462,10,11,0.909,S
NYK,2024-02-14,L,240,100,35,84,0.417,11,29,0.379,19,24,0.792,N
MEM,2024-02-14,W,241,121,39,79,0.494,15,35,0.429,28,41,0.683,S
IND,2024-02-14,W,240,127,47,97,0.485,17,41,0.415,16,23,0.696,S
CHI,2024-02-14,L,240,105,38,83,0.458,14,33,0.424,15,17,0.882,S
LAL,2024-02-14,W,240,138,52,91,0.571,14,31,0.452,20,24,0.833,S
PHX,2024-02-14,W,240,116,35,77,0.455,10,31,0.323,36,44,0.818,S
BKN,2024-02-14,L,240,86,31,81,0.383,10,31,0.323,14,15,0.933,N
HOU,2024-02-14,L,239,113,42,102,0.412,11,36,0.306,18,28,0.643,S
DAL,2024-02-14,W,238,116,49,92,0.533,11,30,0.367,7,10,0.7,S
LAL,2024-02-13,W,238,125,43,84,0.512,14,35,0.4,25,30,0.833,S
OKC,2024-02-13,W,240,127,46,84,0.548,13,32,0.406,22,24,0.917,S
SAC,2024-02-13,L,240,125,49,95,0.516,9,31,0.29,18,24,0.75,S
ORL,2024-02-13,L,237,113,41,91,0.451,11,36,0.306,20,25,0.8,S
BKN,2024-02-13,L,241,110,39,79,0.494,15,33,0.455,17,26,0.654,S
MIL,2024-02-13,L,241,97,37,83,0.446,13,39,0.333,10,11,0.909,N
DET,2024-02-13,L,241,111,45,108,0.417,8,28,0.286,13,17,0.765,S
PHX,2024-02-13,W,239,130,44,85,0.518,13,31,0.419,29,36,0.806,S
POR,2024-02-13,L,242,109,39,87,0.448,11,29,0.379,20,25,0.8,S
BOS,2024-02-13,W,239,118,43,83,0.518,15,37,0.405,17,23,0.739,S
MIA,2024-02-13,W,238,123,45,87,0.517,19,40,0.475,14,18,0.778,S
MIN,2024-02-13,W,241,121,39,84,0.464,13,33,0.394,30,34,0.882,S
HOU,2024-02-12,W,240,105,36,80,0.45,10,26,0.385,23,33,0.697,S
TOR,2024-02-12,L,240,99,39,98,0.398,8,31,0.258,13,16,0.813,N
MIN,2024-02-12,W,238,121,46,86,0.535,11,34,0.324,18,19,0.947,S
UTA,2024-02-12,L,238,107,41,92,0.446,11,32,0.344,14,16,0.875,S
SAS,2024-02-12,W,239,122,46,87,0.529,11,30,0.367,19,23,0.826,S
NOP,2024-02-12,W,240,96,32,78,0.41,13,35,0.371,19,24,0.792,N
PHI,2024-02-12,W,241,123,48,88,0.545,11,26,0.423,16,19,0.842,S
LAC,2024-02-12,L,241,100,34,84,0.405,9,28,0.321,23,26,0.885,N
DEN,2024-02-12,L,240,95,36,94,0.383,11,40,0.275,12,17,0.706,N
CHA,2024-02-12,W,241,111,44,82,0.537,10,34,0.294,13,16,0.813,S
MEM,2024-02-12,L,240,87,34,81,0.42,12,44,0.273,7,8,0.875,N
IND,2024-02-12,L,241,102,42,83,0.506,8,30,0.267,10,16,0.625,S
WAS,2024-02-12,L,240,104,44,106,0.415,7,32,0.219,9,15,0.6,S
GSW,2024-02-12,W,239,129,48,100,0.48,20,44,0.455,13,17,0.765,S
ATL,2024-02-12,L,241,126,44,94,0.468,14,43,0.326,24,29,0.828,S
CHI,2024-02-12,W,240,136,51,92,0.554,13,28,0.464,21,29,0.724,S
CLE,2024-02-12,L,240,121,44,92,0.478,13,37,0.351,20,25,0.8,S
MIL,2024-02-12,W,239,112,42,84,0.5,16,34,0.471,12,18,0.667,S
DAL,2024-02-12,W,240,112,43,96,0.448,9,36,0.25,17,26,0.654,S
NYK,2024-02-12,L,240,103,42,92,0.457,12,36,0.333,7,12,0.583,S
BOS,2024-02-11,W,240,110,41,81,0.506,16,39,0.41,12,17,0.706,S
SAC,2024-02-11,L,240,113,44,90,0.489,16,42,0.381,9,13,0.692,S
MIA,2024-02-11,L,240,106,40,97,0.412,12,40,0.3,14,15,0.933,S
OKC,2024-02-11,W,241,127,46,85,0.541,13,27,0.481,22,27,0.815,S
GSW,2024-02-10,W,238,113,45,101,0.446,17,41,0.415,6,11,0.545,S
DAL,2024-02-10,W,239,146,53,91,0.582,15,38,0.395,25,33,0.758,S
HOU,2024-02-10,L,241,113,44,100,0.44,13,43,0.302,12,19,0.632,S
POR,2024-02-10,L,239,84,33,76,0.434,6,21,0.286,12,17,0.706,N
PHX,2024-02-10,L,238,112,43,94,0.457,11,34,0.324,15,16,0.938,S
TOR,2024-02-10,L,239,95,35,87,0.402,9,31,0.29,16,23,0.696,N
ATL,2024-02-10,W,240,122,40,88,0.455,14,41,0.341,28,37,0.757,S
NOP,2024-02-10,W,240,93,36,76,0.474,10,27,0.37,11,16,0.688,N
PHI,2024-02-10,W,239,119,48,100,0.48,8,27,0.296,15,23,0.652,S
CLE,2024-02-10,W,240,119,48,92,0.522,14,41,0.341,9,13,0.692,S
IND,2024-02-10,W,239,125,50,82,0.61,14,29,0.483,11,19,0.579,S
CHI,2024-02-10,L,264,108,43,99,0.434,12,37,0.324,10,14,0.714,S
DET,2024-02-10,L,240,106,45,102,0.441,9,30,0.3,7,7,1.0,S
NYK,2024-02-10,L,240,111,40,84,0.476,10,32,0.313,21,23,0.913,S
ORL,2024-02-10,W,265,114,41,88,0.466,13,39,0.333,19,26,0.731,S
BKN,2024-02-10,W,241,123,49,87,0.563,17,34,0.5,8,11,0.727,S
OKC,2024-02-10,L,241,111,38,98,0.388,17,47,0.362,18,21,0.857,S
CHA,2024-02-10,W,240,115,47,82,0.573,16,31,0.516,5,7,0.714,S
LAC,2024-02-10,W,241,112,37,82,0.451,13,39,0.333,25,26,0.962,S
SAS,2024-02-10,L,240,103,36,91,0.396,11,34,0.324,20,21,0.952,S
WAS,2024-02-10,L,239,113,42,86,0.488,13,35,0.371,16,21,0.762,S
MEM,2024-02-10,L,239,106,43,92,0.467,16,44,0.364,4,8,0.5,S
WAS,2024-02-09,L,241,129,45,95,0.474,20,47,0.426,19,21,0.905,S
LAL,2024-02-09,W,241,139,49,88,0.557,14,31,0.452,27,32,0.844,S
CHA,2024-02-09,L,239,84,27,79,0.342,7,29,0.241,23,29,0.793,N
NOP,2024-02-09,L,241,122,46,89,0.517,11,29,0.379,19,23,0.826,S
PHI,2024-02-09,L,241,121,42,98,0.429,15,45,0.333,22,29,0.759,S
ATL,2024-02-09,W,240,127,42,81,0.519,16,36,0.444,27,33,0.818,S
MIL,2024-02-09,W,241,120,41,94,0.436,18,52,0.346,20,24,0.833,S
SAC,2024-02-09,W,242,135,51,87,0.586,17,34,0.5,16,18,0.889,S
BOS,2024-02-09,W,240,133,48,92,0.522,11,34,0.324,26,28,0.929,S
TOR,2024-02-09,W,240,107,40,95,0.421,10,33,0.303,17,19,0.895,S
DEN,2024-02-09,L,240,106,38,82,0.463,10,29,0.345,20,28,0.714,S
HOU,2024-02-09,L,240,104,38,85,0.447,15,38,0.395,13,16,0.813,S
ORL,2024-02-08,W,240,127,49,82,0.598,16,27,0.593,13,20,0.65,S
POR,2024-02-08,L,265,122,41,89,0.461,11,30,0.367,29,33,0.879,S
IND,2024-02-08,L,240,109,39,81,0.481,12,31,0.387,19,27,0.704,S
SAS,2024-02-08,L,239,111,42,81,0.519,11,35,0.314,16,17,0.941,S
PHX,2024-02-08,W,238,129,52,88,0.591,14,29,0.483,11,16,0.688,S
DEN,2024-02-08,W,239,114,47,97,0.485,14,32,0.438,6,7,0.857,S
LAL,2024-02-08,L,239,106,41,89,0.461,8,25,0.32,16,22,0.727,S
BKN,2024-02-08,L,239,95,37,93,0.398,10,25,0.4,11,14,0.786,N
MIN,2024-02-08,W,241,129,48,87,0.552,21,41,0.512,12,16,0.75,S
NYK,2024-02-08,L,239,108,42,94,0.447,14,37,0.378,10,11,0.909,S
CLE,2024-02-08,W,240,118,43,80,0.538,15,37,0.405,17,17,1.0,S
MEM,2024-02-08,L,240,110,42,91,0.462,18,46,0.391,8,13,0.615,S
GSW,2024-02-08,W,241,131,52,93,0.559,17,32,0.531,10,13,0.769,S
MIL,2024-02-08,L,239,105,40,81,0.494,14,33,0.424,11,16,0.688,S
DAL,2024-02-08,W,239,122,43,82,0.524,18,42,0.429,18,23,0.783,S
UTA,2024-02-08,L,241,115,41,94,0.436,12,35,0.343,21,31,0.677,S
CHI,2024-02-08,W,240,118,43,79,0.544,12,26,0.462,20,22,0.909,S
DET,2024-02-08,W,266,128,45,93,0.484,16,27,0.593,22,31,0.71,S
PHI,2024-02-07,L,240,104,41,98,0.418,8,32,0.25,14,14,1.0,S
SAS,2024-02-07,L,240,104,41,90,0.456,12,37,0.324,10,17,0.588,S
LAC,2024-02-07,L,238,106,36,78,0.462,12,32,0.375,22,26,0.846,S
SAC,2024-02-07,L,240,120,45,95,0.474,15,44,0.341,15,22,0.682,S
TOR,2024-02-07,W,240,123,43,81,0.531,17,33,0.515,20,24,0.833,S
ATL,2024-02-07,L,240,117,43,102,0.422,13,41,0.317,18,20,0.9,S
BOS,2024-02-07,W,240,125,49,93,0.527,17,49,0.347,10,11,0.909,S
CHA,2024-02-07,L,239,117,44,90,0.489,16,39,0.41,13,20,0.65,S
CLE,2024-02-07,W,240,114,43,88,0.489,12,35,0.343,16,22,0.727,S
GSW,2024-02-07,W,239,127,47,94,0.5,16,38,0.421,17,22,0.773,S
NOP,2024-02-07,W,239,117,47,88,0.534,12,32,0.375,11,16,0.688,S
WAS,2024-02-07,L,240,106,42,94,0.447,16,40,0.4,6,9,0.667,S
MIA,2024-02-07,W,239,116,43,87,0.494,12,38,0.316,18,23,0.783,S
DET,2024-02-07,W,238,133,47,84,0.56,17,31,0.548,22,22,1.0,S
NYK,2024-02-06,W,239,123,48,86,0.558,11,27,0.407,16,20,0.8,S
MEM,2024-02-06,L,241,113,41,80,0.513,21,37,0.568,10,16,0.625,S
IND,2024-02-06,W,239,132,54,86,0.628,15,32,0.469,9,14,0.643,S
CHI,2024-02-06,W,265,129,45,93,0.484,12,30,0.4,27,32,0.844,S
UTA,2024-02-06,W,240,124,46,89,0.517,14,35,0.4,18,20,0.9,S
PHX,2024-02-06,W,240,114,44,87,0.506,8,28,0.286,18,27,0.667,S
HOU,2024-02-06,L,240,129,50,97,0.515,12,25,0.48,17,23,0.739,S
MIL,2024-02-06,L,240,106,39,90,0.433,13,40,0.325,15,25,0.6,S
MIA,2024-02-06,W,239,121,47,87,0.54,13,36,0.361,14,18,0.778,S
BKN,2024-02-06,L,241,107,41,91,0.451,12,33,0.364,13,15,0.867,S
OKC,2024-02-06,L,239,117,43,90,0.478,19,37,0.514,12,18,0.667,S
ORL,2024-02-06,L,239,95,35,80,0.438,10,35,0.286,15,21,0.714,N
MIN,2024-02-06,L,265,123,42,92,0.457,20,45,0.444,19,26,0.731,S
DAL,2024-02-06,W,240,119,46,91,0.505,19,43,0.442,8,13,0.615,S
BKN,2024-02-05,L,240,98,34,89,0.382,13,42,0.31,17,22,0.773,N
ATL,2024-02-05,L,240,144,51,95,0.537,20,39,0.513,22,27,0.815,S
DAL,2024-02-05,W,243,118,42,87,0.483,17,43,0.395,17,23,0.739,S
GSW,2024-02-05,W,239,109,43,93,0.462,4,22,0.182,19,23,0.826,S
CHA,2024-02-05,L,240,118,47,96,0.49,13,32,0.406,11,14,0.786,S
LAL,2024-02-05,W,240,124,50,89,0.562,8,34,0.235,16,19,0.842,S
SAC,2024-02-05,L,239,110,43,93,0.462,17,44,0.386,7,12,0.583,S
LAC,2024-02-05,W,239,149,52,89,0.584,21,35,0.6,24,31,0.774,S
CLE,2024-02-05,W,241,136,51,88,0.58,23,41,0.561,11,17,0.647,S
TOR,2024-02-05,L,241,100,40,84,0.476,10,31,0.323,10,15,0.667,N
NOP,2024-02-05,W,239,138,53,104,0.51,19,45,0.422,13,13,1.0,S
PHI,2024-02-05,L,242,102,40,93,0.43,8,29,0.276,14,20,0.7,S
POR,2024-02-04,L,241,103,39,85,0.459,11,31,0.355,14,15,0.933,S
HOU,2024-02-04,L,240,90,31,88,0.352,10,30,0.333,18,27,0.667,N
DET,2024-02-04,L,241,99,36,80,0.45,8,31,0.258,19,22,0.864,N
MIN,2024-02-04,W,238,111,40,90,0.444,11,30,0.367,20,27,0.741,S
IND,2024-02-04,W,241,115,45,92,0.489,11,33,0.333,14,18,0.778,S
LAC,2024-02-04,W,240,103,34,77,0.442,16,39,0.41,19,22,0.864,S
UTA,2024-02-04,W,240,123,43,89,0.483,17,44,0.386,20,24,0.833,S
BOS,2024-02-04,W,242,131,48,99,0.485,19,51,0.373,16,18,0.889,S
ORL,2024-02-04,W,241,111,45,84,0.536,10,24,0.417,11,15,0.733,S
DEN,2024-02-04,W,240,112,42,86,0.488,12,28,0.429,16,19,0.842,S
MIA,2024-02-04,L,241,95,38,91,0.418,8,30,0.267,11,12,0.917,N
WAS,2024-02-04,L,240,112,47,96,0.49,7,32,0.219,11,17,0.647,S
MEM,2024-02-04,L,239,91,35,92,0.38,11,38,0.289,10,12,0.833,N
OKC,2024-02-04,W,290,135,52,110,0.473,23,63,0.365,8,8,1.0,S
CHA,2024-02-04,L,241,99,35,88,0.398,8,29,0.276,21,25,0.84,N
PHX,2024-02-04,W,241,140,54,88,0.614,11,25,0.44,21,26,0.808,S
MIL,2024-02-04,L,241,108,39,84,0.464,15,41,0.366,15,25,0.6,S
TOR,2024-02-04,L,290,127,48,101,0.475,14,35,0.4,17,21,0.81,S
LAL,2024-02-03,W,240,113,39,80,0.488,12,31,0.387,23,27,0.852,S
CLE,2024-02-03,W,241,117,46,97,0.474,13,44,0.295,12,13,0.923,S
GSW,2024-02-03,L,266,134,50,112,0.446,18,56,0.321,16,20,0.8,S
MIL,2024-02-03,W,239,129,50,88,0.568,12,30,0.4,17,25,0.68,S
BKN,2024-02-03,W,240,136,49,95,0.516,20,51,0.392,18,23,0.783,S
SAC,2024-02-03,W,240,123,42,84,0.5,15,39,0.385,24,29,0.828,S
PHI,2024-02-03,L,241,121,44,96,0.458,12,29,0.414,21,27,0.778,S
ATL,2024-02-03,W,264,141,55,114,0.482,14,43,0.326,17,22,0.773,S
NYK,2024-02-03,L,240,105,41,100,0.41,10,35,0.286,13,15,0.867,S
SAS,2024-02-03,L,240,101,36,98,0.367,12,40,0.3,17,21,0.81,S
DAL,2024-02-03,L,240,117,40,81,0.494,16,39,0.41,21,23,0.913,S
CHI,2024-02-03,L,239,115,42,91,0.462,11,34,0.324,20,22,0.909,S
GSW,2024-02-02,W,240,121,46,83,0.554,11,29,0.379,18,22,0.818,S
ATL,2024-02-02,W,240,129,49,95,0.516,17,44,0.386,14,18,0.778,S
PHX,2024-02-02,L,240,120,47,88,0.534,14,37,0.378,12,14,0.857,S
LAC,2024-02-02,W,241,136,53,89,0.596,14,29,0.483,16,19,0.842,S
NOP,2024-02-02,W,241,114,46,95,0.484,7,26,0.269,15,21,0.714,S
CHA,2024-02-02,L,240,106,41,92,0.446,14,31,0.452,10,14,0.714,S
MIA,2024-02-02,W,241,110,38,88,0.432,7,31,0.226,27,35,0.771,S
WAS,2024-02-02,L,239,102,37,90,0.411,11,42,0.262,17,21,0.81,S
POR,2024-02-02,L,242,108,37,80,0.463,10,28,0.357,24,30,0.8,S
ORL,2024-02-02,W,240,108,39,85,0.459,9,25,0.36,21,26,0.808,S
OKC,2024-02-02,W,240,126,44,75,0.587,17,36,0.472,21,27,0.778,S
IND,2024-02-02,L,240,122,46,85,0.541,10,29,0.345,20,24,0.833,S
TOR,2024-02-02,L,240,106,40,91,0.44,11,33,0.333,15,20,0.75,S
DEN,2024-02-02,W,242,120,46,91,0.505,12,36,0.333,16,17,0.941,S
DET,2024-02-02,L,240,125,45,89,0.506,17,40,0.425,18,24,0.75,S
SAC,2024-02-02,W,239,133,51,90,0.567,13,34,0.382,18,28,0.643,S
MIN,2024-02-02,L,239,106,38,82,0.463,12,38,0.316,18,20,0.9,S
HOU,2024-02-02,W,240,135,55,93,0.591,11,31,0.355,14,17,0.824,S
MEM,2024-02-02,L,238,101,35,87,0.402,14,46,0.304,17,24,0.708,S
SAS,2024-02-02,L,240,113,46,96,0.479,10,39,0.256,11,18,0.611,S
UTA,2024-02-01,L,240,124,45,87,0.517,12,36,0.333,22,25,0.88,S
NYK,2024-02-01,W,241,109,41,103,0.398,8,38,0.211,19,25,0.76,S
LAL,2024-02-01,W,241,114,38,94,0.404,19,36,0.528,19,26,0.731,S
MEM,2024-02-01,L,241,101,37,90,0.411,12,38,0.316,15,17,0.882,S
CLE,2024-02-01,W,240,108,41,86,0.477,14,35,0.4,12,18,0.667,S
IND,2024-02-01,L,240,105,42,93,0.452,13,33,0.394,8,13,0.615,S
PHI,2024-02-01,W,240,127,47,94,0.5,14,32,0.438,19,21,0.905,S
BOS,2024-02-01,L,240,105,41,97,0.423,16,48,0.333,7,7,1.0,S
DAL,2024-01-31,L,239,87,31,76,0.408,6,29,0.207,19,26,0.731,N
POR,2024-01-31,W,240,119,49,92,0.533,12,28,0.429,9,9,1.0,S
BKN,2024-01-31,L,241,120,47,94,0.5,16,39,0.41,10,13,0.769,S
MIA,2024-01-31,W,241,115,42,84,0.5,13,28,0.464,18,23,0.783,S
CHI,2024-01-31,W,240,117,45,87,0.517,11,29,0.379,16,22,0.727,S
LAC,2024-01-31,W,241,125,47,100,0.47,12,30,0.4,19,22,0.864,S
OKC,2024-01-31,W,240,105,37,87,0.425,11,26,0.423,20,25,0.8,S
MIL,2024-01-31,L,240,116,45,92,0.489,13,45,0.289,13,18,0.722,S
HOU,2024-01-31,L,240,99,35,87,0.402,13,44,0.295,16,17,0.941,N
NOP,2024-01-31,W,239,110,41,82,0.5,11,34,0.324,17,24,0.708,S
DEN,2024-01-31,L,240,100,37,93,0.398,15,37,0.405,11,16,0.688,N
SAC,2024-01-31,L,240,106,41,93,0.441,12,40,0.3,12,18,0.667,S
CHA,2024-01-31,L,241,110,40,90,0.444,16,46,0.348,14,17,0.824,S
SAS,2024-01-31,L,240,98,36,80,0.45,9,31,0.29,17,24,0.708,N
WAS,2024-01-31,L,239,109,45,97,0.464,9,29,0.31,10,15,0.667,S
MIN,2024-01-31,W,239,121,45,80,0.563,13,30,0.433,18,30,0.6,S
PHX,2024-01-31,W,240,136,49,79,0.62,14,28,0.5,24,32,0.75,S
ORL,2024-01-31,W,241,108,41,86,0.477,7,20,0.35,19,23,0.826,S
DET,2024-01-31,L,241,121,45,81,0.556,16,31,0.516,15,19,0.789,S
CLE,2024-01-31,W,238,128,47,89,0.528,12,35,0.343,22,23,0.957,S
LAL,2024-01-30,L,238,122,48,90,0.533,12,33,0.364,14,25,0.56,S
ATL,2024-01-30,W,240,138,53,101,0.525,16,38,0.421,16,18,0.889,S
TOR,2024-01-30,W,241,118,43,83,0.518,14,29,0.483,18,20,0.9,S
PHI,2024-01-30,L,241,107,39,85,0.459,13,30,0.433,16,21,0.762,S
IND,2024-01-30,L,240,124,50,108,0.463,12,39,0.308,12,15,0.8,S
GSW,2024-01-30,W,239,119,44,79,0.557,14,32,0.438,17,19,0.895,S
NYK,2024-01-30,W,238,118,44,94,0.468,13,34,0.382,17,18,0.944,S
CHI,2024-01-30,L,240,107,38,75,0.507,11,32,0.344,20,27,0.741,S
UTA,2024-01-30,L,240,103,39,86,0.453,12,36,0.333,13,17,0.765,S
BOS,2024-01-30,W,240,129,47,87,0.54,17,36,0.472,18,22,0.818,S
CLE,2024-01-29,W,240,118,42,86,0.488,13,40,0.325,21,26,0.808,S
OKC,2024-01-29,L,241,101,35,79,0.443,14,35,0.4,17,22,0.773,S
SAS,2024-01-29,L,241,113,43,92,0.467,12,30,0.4,15,17,0.882,S
NOP,2024-01-29,L,241,112,46,91,0.505,10,35,0.286,10,13,0.769,S
WAS,2024-01-29,W,240,118,46,86,0.535,9,25,0.36,17,24,0.708,S
ORL,2024-01-29,L,240,129,45,88,0.511,18,38,0.474,21,28,0.75,S
DEN,2024-01-29,W,240,113,44,91,0.484,4,18,0.222,21,24,0.875,S
MIL,2024-01-29,L,240,107,36,84,0.429,16,40,0.4,19,25,0.76,S
HOU,2024-01-29,W,238,135,52,98,0.531,12,36,0.333,19,25,0.76,S
DAL,2024-01-29,W,241,131,43,69,0.623,13,27,0.481,32,43,0.744,S
SAC,2024-01-29,W,239,103,43,84,0.512,11,38,0.289,6,10,0.6,S
POR,2024-01-29,W,240,130,46,84,0.548,12,28,0.429,26,29,0.897,S
CHA,2024-01-29,L,239,92,37,81,0.457,11,32,0.344,7,14,0.5,N
NYK,2024-01-29,W,241,113,44,84,0.524,12,37,0.324,13,16,0.813,S
LAC,2024-01-29,L,240,108,38,80,0.475,11,34,0.324,21,28,0.75,S
LAL,2024-01-29,L,239,119,45,91,0.495,13,35,0.371,16,26,0.615,S
UTA,2024-01-29,L,241,114,39,86,0.453,9,27,0.333,27,34,0.794,S
MIA,2024-01-29,L,239,105,33,84,0.393,14,36,0.389,25,25,1.0,S
BOS,2024-01-29,W,240,118,43,85,0.506,17,46,0.37,15,20,0.75,S
MEM,2024-01-29,L,239,94,30,80,0.375,13,36,0.361,21,28,0.75,N
BKN,2024-01-29,W,237,147,54,105,0.514,21,45,0.467,18,19,0.947,S
PHI,2024-01-29,L,240,104,37,83,0.446,5,29,0.172,25,28,0.893,S
MIN,2024-01-29,W,239,107,40,83,0.482,14,29,0.483,13,15,0.867,S
PHX,2024-01-29,W,241,118,46,94,0.489,14,40,0.35,12,17,0.706,S
DET,2024-01-28,W,241,120,47,95,0.495,11,26,0.423,15,19,0.789,S
CHI,2024-01-28,W,240,104,42,90,0.467,8,32,0.25,12,17,0.706,S
OKC,2024-01-28,L,240,104,44,92,0.478,8,28,0.286,8,12,0.667,S
ORL,2024-01-28,W,239,113,41,92,0.446,12,36,0.333,19,26,0.731,S
PHX,2024-01-28,L,240,98,41,73,0.562,4,14,0.286,12,21,0.571,N
MEM,2024-01-28,L,240,110,38,82,0.463,11,30,0.367,23,31,0.742,S
TOR,2024-01-28,L,240,125,41,89,0.461,15,31,0.484,28,32,0.875,S
POR,2024-01-28,L,239,96,32,79,0.405,6,33,0.182,26,29,0.897,N
IND,2024-01-28,W,239,116,44,90,0.489,13,35,0.371,15,16,0.938,S
ATL,2024-01-28,W,241,126,44,95,0.463,6,27,0.222,32,40,0.8,S
HOU,2024-01-27,L,240,104,37,94,0.394,10,37,0.27,20,23,0.87,S
GSW,2024-01-27,L,289,144,55,119,0.462,23,58,0.397,11,16,0.688,S
DET,2024-01-27,L,241,104,37,85,0.435,9,32,0.281,21,27,0.778,S
BKN,2024-01-27,W,240,106,36,74,0.486,12,34,0.353,22,37,0.595,S
NYK,2024-01-27,W,240,125,45,87,0.517,17,33,0.515,18,26,0.692,S
MIA,2024-01-27,L,239,109,41,88,0.466,14,37,0.378,13,16,0.813,S
CHA,2024-01-27,L,239,122,47,92,0.511,13,32,0.406,15,21,0.714,S
WAS,2024-01-27,W,240,118,45,100,0.45,11,34,0.324,17,21,0.81,S
LAC,2024-01-27,W,237,115,45,102,0.441,10,40,0.25,15,18,0.833,S
LAL,2024-01-27,W,291,145,49,101,0.485,9,27,0.333,38,43,0.884,S
MIL,2024-01-27,W,240,141,51,91,0.56,20,45,0.444,19,25,0.76,S
DAL,2024-01-27,L,239,115,43,98,0.439,16,46,0.348,13,18,0.722,S
PHI,2024-01-27,L,241,105,43,81,0.531,6,22,0.273,13,16,0.813,S
SAC,2024-01-27,W,240,120,43,80,0.538,11,30,0.367,23,30,0.767,S
NOP,2024-01-27,L,242,117,40,85,0.471,9,23,0.391,28,36,0.778,S
DEN,2024-01-27,W,240,111,37,82,0.451,13,37,0.351,24,38,0.632,S
BOS,2024-01-27,L,240,96,36,100,0.36,10,40,0.25,14,16,0.875,N
UTA,2024-01-27,W,241,134,52,93,0.559,17,41,0.415,13,17,0.765,S
MIN,2024-01-27,L,239,112,45,79,0.57,14,26,0.538,8,15,0.533,S
SAS,2024-01-27,W,242,113,46,84,0.548,13,30,0.433,8,15,0.533,S
NOP,2024-01-26,L,239,83,32,82,0.39,9,36,0.25,10,14,0.714,N
TOR,2024-01-26,L,242,107,44,96,0.458,6,32,0.188,13,22,0.591,S
CHA,2024-01-26,L,241,104,35,85,0.412,9,29,0.31,25,32,0.781,S
DAL,2024-01-26,W,241,148,51,85,0.6,19,35,0.543,27,32,0.844,S
MEM,2024-01-26,W,240,107,42,90,0.467,15,41,0.366,8,13,0.615,S
ATL,2024-01-26,L,239,143,51,97,0.526,15,34,0.441,26,30,0.867,S
OKC,2024-01-26,W,242,107,42,88,0.477,10,33,0.303,13,14,0.929,S
CLE,2024-01-26,W,240,112,38,92,0.413,14,36,0.389,22,31,0.71,S
MIL,2024-01-26,L,241,100,35,87,0.402,13,34,0.382,17,24,0.708,N
IND,2024-01-26,W,239,133,58,109,0.532,8,26,0.308,9,15,0.6,S
PHX,2024-01-26,L,238,131,51,89,0.573,13,30,0.433,16,18,0.889,S
HOU,2024-01-26,W,241,138,50,89,0.562,13,33,0.394,25,31,0.806,S
LAC,2024-01-26,W,241,127,48,95,0.505,9,32,0.281,22,24,0.917,S
POR,2024-01-26,L,239,100,38,90,0.422,10,37,0.27,14,19,0.737,N
SAS,2024-01-26,W,241,116,42,92,0.457,10,34,0.294,22,26,0.846,S
ORL,2024-01-26,L,239,106,38,81,0.469,9,34,0.265,21,29,0.724,S
GSW,2024-01-25,L,239,133,48,86,0.558,19,37,0.514,18,23,0.783,S
IND,2024-01-25,W,240,134,53,93,0.57,12,28,0.429,16,21,0.762,S
MIA,2024-01-25,L,242,110,42,94,0.447,16,42,0.381,10,13,0.769,S
CHI,2024-01-25,L,240,132,47,88,0.534,12,37,0.324,26,29,0.897,S
UTA,2024-01-25,W,240,123,50,97,0.515,13,31,0.419,10,12,0.833,S
MIN,2024-01-25,W,241,96,37,75,0.493,10,21,0.476,12,16,0.75,N
DEN,2024-01-25,L,240,84,34,84,0.405,5,26,0.192,11,13,0.846,N
PHI,2024-01-25,L,242,122,42,87,0.483,7,29,0.241,31,43,0.721,S
NYK,2024-01-25,W,239,122,45,85,0.529,15,38,0.395,17,20,0.85,S
SAC,2024-01-25,W,240,134,48,91,0.527,22,48,0.458,16,19,0.842,S
LAL,2024-01-25,W,240,141,53,87,0.609,20,31,0.645,15,20,0.75,S
BKN,2024-01-25,L,240,94,35,77,0.455,10,33,0.303,14,16,0.875,N
BOS,2024-01-25,W,239,143,51,80,0.638,22,40,0.55,19,20,0.95,S
WAS,2024-01-25,L,240,108,43,88,0.489,7,30,0.233,15,20,0.75,S
OKC,2024-01-24,W,240,140,54,96,0.563,18,40,0.45,14,16,0.875,S
DET,2024-01-24,W,240,113,43,86,0.5,15,38,0.395,12,20,0.6,S
CLE,2024-01-24,L,240,116,46,91,0.505,13,38,0.342,11,15,0.733,S
WAS,2024-01-24,L,240,107,37,77,0.481,10,24,0.417,23,29,0.793,S
ATL,2024-01-24,L,241,112,39,94,0.415,14,43,0.326,20,26,0.769,S
CHA,2024-01-24,L,242,106,38,87,0.437,15,38,0.395,15,19,0.789,S
MIN,2024-01-24,W,242,118,42,100,0.42,9,32,0.281,25,29,0.862,S
DAL,2024-01-24,L,240,109,41,89,0.461,17,43,0.395,10,18,0.556,S
HOU,2024-01-24,L,266,131,50,94,0.532,12,36,0.333,19,22,0.864,S
PHX,2024-01-24,W,241,132,51,85,0.6,14,34,0.412,16,22,0.727,S
MEM,2024-01-24,W,240,105,36,80,0.45,17,36,0.472,16,19,0.842,S
POR,2024-01-24,W,265,137,50,98,0.51,15,35,0.429,22,24,0.917,S
GSW,2024-01-24,W,240,134,51,91,0.56,16,33,0.485,16,22,0.727,S
MIL,2024-01-24,W,242,126,45,90,0.5,11,29,0.379,25,28,0.893,S
MIA,2024-01-24,L,241,96,33,82,0.402,11,34,0.324,19,25,0.76,N
SAS,2024-01-24,L,239,114,43,86,0.5,9,32,0.281,19,25,0.76,S
NOP,2024-01-23,W,241,153,60,104,0.577,23,46,0.5,10,15,0.667,S
OKC,2024-01-23,W,240,111,43,89,0.483,7,23,0.304,18,28,0.643,S
LAC,2024-01-23,W,240,127,52,88,0.591,14,27,0.519,9,12,0.75,S
IND,2024-01-23,L,240,109,43,87,0.494,5,21,0.238,18,21,0.857,S
BKN,2024-01-23,L,240,103,42,95,0.442,15,42,0.357,4,5,0.8,S
NYK,2024-01-23,W,239,108,40,86,0.465,10,29,0.345,18,19,0.947,S
LAL,2024-01-23,L,241,116,45,92,0.489,11,32,0.344,15,22,0.682,S
DEN,2024-01-23,W,241,114,44,88,0.5,11,33,0.333,15,17,0.882,S
UTA,2024-01-23,L,239,124,43,92,0.467,12,36,0.333,26,32,0.813,S
POR,2024-01-23,L,240,109,37,86,0.43,18,39,0.462,17,21,0.81,S
TOR,2024-01-22,L,241,100,35,79,0.443,8,23,0.348,22,23,0.957,N
CLE,2024-01-22,W,239,126,45,80,0.563,20,38,0.526,16,22,0.727,S
CHI,2024-01-22,L,241,113,45,93,0.484,14,37,0.378,9,14,0.643,S
MEM,2024-01-22,W,240,108,44,95,0.463,13,34,0.382,7,12,0.583,S
CHA,2024-01-22,W,240,128,50,88,0.568,14,37,0.378,14,18,0.778,S
DET,2024-01-22,L,240,113,40,89,0.449,10,30,0.333,23,29,0.793,S
ATL,2024-01-22,L,240,107,36,93,0.387,14,40,0.35,21,27,0.778,S
PHX,2024-01-22,W,242,115,44,85,0.518,14,34,0.412,13,17,0.765,S
PHI,2024-01-22,W,241,133,48,97,0.495,5,20,0.25,32,40,0.8,S
ORL,2024-01-22,L,241,99,34,74,0.459,11,29,0.379,20,30,0.667,N
DAL,2024-01-22,L,242,110,43,97,0.443,14,40,0.35,10,14,0.714,S
BOS,2024-01-22,W,240,119,41,88,0.466,15,46,0.326,22,30,0.733,S
SAS,2024-01-22,L,240,123,43,93,0.462,13,41,0.317,24,27,0.889,S
MIN,2024-01-22,L,241,125,44,84,0.524,18,41,0.439,19,25,0.76,S
MIL,2024-01-22,W,240,122,42,94,0.447,10,39,0.256,28,34,0.824,S
SAC,2024-01-22,W,240,122,43,93,0.462,12,38,0.316,24,27,0.889,S
DEN,2024-01-21,W,240,113,43,88,0.489,8,22,0.364,19,28,0.679,S
BKN,2024-01-21,L,240,114,44,90,0.489,14,39,0.359,12,16,0.75,S
HOU,2024-01-21,L,239,107,41,94,0.436,10,35,0.286,15,22,0.682,S
WAS,2024-01-21,L,240,104,39,91,0.429,8,27,0.296,18,22,0.818,S
POR,2024-01-21,L,239,110,42,90,0.467,9,29,0.31,17,20,0.85,S
PHX,2024-01-21,W,240,117,47,82,0.573,8,25,0.32,15,18,0.833,S
LAL,2024-01-21,W,240,134,47,86,0.547,13,33,0.394,27,29,0.931,S
ORL,2024-01-21,W,240,105,37,78,0.474,9,28,0.321,22,28,0.786,S
BOS,2024-01-21,W,240,116,43,98,0.439,17,47,0.362,13,18,0.722,S
IND,2024-01-21,L,240,110,41,94,0.436,14,31,0.452,14,23,0.609,S
MIA,2024-01-21,L,239,87,30,80,0.375,12,37,0.324,15,18,0.833,N
LAC,2024-01-21,W,239,125,42,83,0.506,13,26,0.5,28,33,0.848,S
CHA,2024-01-20,L,242,89,35,85,0.412,9,37,0.243,10,14,0.714,N
ATL,2024-01-20,L,239,95,37,93,0.398,11,38,0.289,10,15,0.667,N
TOR,2024-01-20,L,240,100,38,92,0.413,11,34,0.324,13,23,0.565,N
MIL,2024-01-20,W,239,141,47,85,0.553,12,32,0.375,35,49,0.714,S
DET,2024-01-20,L,241,135,44,94,0.468,21,37,0.568,26,32,0.813,S
SAS,2024-01-20,W,239,131,51,96,0.531,12,31,0.387,17,23,0.739,S
NYK,2024-01-20,W,240,126,48,88,0.545,14,39,0.359,16,20,0.8,S
CHI,2024-01-20,W,240,125,47,91,0.516,14,33,0.424,17,21,0.81,S
CLE,2024-01-20,W,240,116,43,85,0.506,16,43,0.372,14,16,0.875,S
WAS,2024-01-20,L,240,127,49,103,0.476,9,29,0.31,20,23,0.87,S
OKC,2024-01-20,W,241,102,32,81,0.395,8,24,0.333,30,35,0.857,S
HOU,2024-01-20,W,264,127,50,117,0.427,13,39,0.333,14,22,0.636,S
MEM,2024-01-20,L,241,96,32,75,0.427,13,42,0.31,19,23,0.826,N
UTA,2024-01-20,L,264,126,48,105,0.457,13,43,0.302,17,22,0.773,S
PHI,2024-01-20,W,239,97,36,85,0.424,5,25,0.2,20,24,0.833,N
MIN,2024-01-20,L,240,97,31,75,0.413,14,37,0.378,21,29,0.724,N
POR,2024-01-19,W,240,118,42,84,0.5,4,12,0.333,30,35,0.857,S
DEN,2024-01-19,W,241,102,42,81,0.519,8,31,0.258,10,13,0.769,S
NOP,2024-01-19,L,240,109,41,93,0.441,10,42,0.238,17,23,0.739,S
LAL,2024-01-19,L,239,112,40,90,0.444,12,33,0.364,20,24,0.833,S
PHX,2024-01-19,W,241,123,46,93,0.495,15,41,0.366,16,21,0.762,S
CHA,2024-01-19,W,240,124,47,84,0.56,16,29,0.552,14,16,0.875,S
ATL,2024-01-19,W,241,109,40,87,0.46,15,35,0.429,14,17,0.824,S
SAS,2024-01-19,L,240,120,47,84,0.56,15,32,0.469,11,17,0.647,S
PHI,2024-01-19,W,240,124,42,87,0.483,13,30,0.433,27,29,0.931,S
BOS,2024-01-19,L,240,100,38,89,0.427,14,44,0.318,10,14,0.714,N
BKN,2024-01-19,W,240,130,50,95,0.526,19,47,0.404,11,14,0.786,S
ORL,2024-01-19,L,240,109,37,78,0.474,10,23,0.435,25,27,0.926,S
MIA,2024-01-19,L,241,108,38,82,0.463,12,31,0.387,20,22,0.909,S
IND,2024-01-19,L,238,115,39,91,0.429,20,47,0.426,17,25,0.68,S
IND,2024-01-18,W,240,126,49,89,0.551,13,33,0.394,15,19,0.789,S
WAS,2024-01-18,L,239,109,41,90,0.456,10,31,0.323,17,22,0.773,S
NYK,2024-01-18,W,241,113,39,86,0.453,13,38,0.342,22,26,0.846,S
OKC,2024-01-18,W,240,134,48,86,0.558,14,32,0.438,24,28,0.857,S
MEM,2024-01-18,L,239,103,39,85,0.459,14,34,0.412,11,17,0.647,S
TOR,2024-01-18,L,241,110,42,83,0.506,10,38,0.263,16,20,0.8,S
MIN,2024-01-18,W,241,118,45,82,0.549,12,28,0.429,16,21,0.762,S
UTA,2024-01-18,L,240,129,43,89,0.483,13,32,0.406,30,36,0.833,S
CHI,2024-01-18,W,240,116,48,91,0.527,6,24,0.25,14,17,0.824,S
SAC,2024-01-18,L,240,121,44,85,0.518,15,37,0.405,18,32,0.563,S
TOR,2024-01-17,W,240,121,45,88,0.511,20,38,0.526,11,18,0.611,S
DET,2024-01-17,L,240,117,46,89,0.517,12,31,0.387,13,19,0.684,S
ATL,2024-01-17,W,239,106,39,76,0.513,8,25,0.32,20,22,0.909,S
CLE,2024-01-17,W,242,135,55,93,0.591,12,28,0.429,13,19,0.684,S
CHA,2024-01-17,L,241,112,39,90,0.433,19,45,0.422,15,18,0.833,S
POR,2024-01-17,W,240,105,42,86,0.488,9,27,0.333,12,14,0.857,S
NYK,2024-01-17,W,240,109,39,87,0.448,13,37,0.351,18,22,0.818,S
MIL,2024-01-17,L,240,95,38,95,0.4,12,42,0.286,7,10,0.7,N
MIN,2024-01-17,W,239,124,47,93,0.505,15,30,0.5,15,21,0.714,S
DAL,2024-01-17,L,240,110,42,91,0.462,11,40,0.275,15,18,0.833,S
LAL,2024-01-17,W,242,127,49,91,0.538,12,28,0.429,17,24,0.708,S
BKN,2024-01-17,L,240,103,35,73,0.479,15,38,0.395,18,27,0.667,S
BOS,2024-01-17,W,240,117,42,90,0.467,18,38,0.474,15,19,0.789,S
HOU,2024-01-17,L,239,94,35,84,0.417,8,30,0.267,16,19,0.842,N
ORL,2024-01-17,L,240,104,39,88,0.443,10,35,0.286,16,22,0.727,S
SAS,2024-01-17,L,241,98,39,93,0.419,7,34,0.206,13,16,0.813,N
MIA,2024-01-17,L,239,97,41,90,0.456,6,28,0.214,9,12,0.75,N
NOP,2024-01-17,W,242,132,44,88,0.5,25,47,0.532,19,23,0.826,S
SAC,2024-01-16,L,240,117,46,92,0.5,18,40,0.45,7,12,0.583,S
DEN,2024-01-16,L,241,121,45,89,0.506,12,29,0.414,19,25,0.76,S
OKC,2024-01-16,L,239,117,42,83,0.506,16,34,0.471,17,20,0.85,S
LAC,2024-01-16,W,241,128,47,87,0.54,20,43,0.465,14,23,0.609,S
PHI,2024-01-16,W,241,126,43,76,0.566,15,31,0.484,25,34,0.735,S
PHX,2024-01-16,W,239,119,42,85,0.494,17,37,0.459,18,20,0.9,S
GSW,2024-01-15,L,241,107,44,90,0.489,10,31,0.323,9,10,0.9,S
NOP,2024-01-15,L,238,120,41,81,0.506,7,23,0.304,31,41,0.756,S
CLE,2024-01-15,W,240,109,39,95,0.411,20,57,0.351,11,11,1.0,S
ATL,2024-01-15,W,241,109,40,93,0.43,13,38,0.342,16,21,0.762,S
PHI,2024-01-15,W,241,124,40,83,0.482,15,31,0.484,29,34,0.853,S
NYK,2024-01-15,L,240,94,33,83,0.398,13,40,0.325,15,22,0.682,N
CHI,2024-01-15,L,240,91,35,83,0.422,9,32,0.281,12,16,0.75,N
BOS,2024-01-15,W,240,105,33,82,0.402,16,39,0.41,23,25,0.92,S
BKN,2024-01-15,L,265,95,34,99,0.343,12,55,0.218,15,16,0.938,N
LAL,2024-01-15,W,240,112,44,84,0.524,8,24,0.333,16,18,0.889,S
DET,2024-01-15,W,240,129,50,90,0.556,12,31,0.387,17,23,0.739,S
UTA,2024-01-15,W,240,132,45,81,0.556,11,25,0.44,31,35,0.886,S
SAS,2024-01-15,L,239,99,38,95,0.4,11,42,0.262,12,17,0.706,N
DAL,2024-01-15,W,240,125,39,85,0.459,18,43,0.419,29,35,0.829,S
TOR,2024-01-15,L,241,96,38,95,0.4,4,32,0.125,16,21,0.762,N
ORL,2024-01-15,W,240,98,38,85,0.447,8,29,0.276,14,21,0.667,N
IND,2024-01-15,L,240,105,38,95,0.4,9,31,0.29,20,25,0.8,S
HOU,2024-01-15,L,240,115,44,88,0.5,8,27,0.296,19,32,0.594,S
MEM,2024-01-15,W,239,116,32,86,0.372,20,54,0.37,32,40,0.8,S
OKC,2024-01-15,L,240,105,40,96,0.417,15,49,0.306,10,11,0.909,S
MIA,2024-01-15,W,266,96,33,87,0.379,8,31,0.258,22,25,0.88,N
WAS,2024-01-15,L,240,117,44,95,0.463,19,41,0.463,10,11,0.909,S
LAC,2024-01-14,L,240,105,36,83,0.434,17,39,0.436,16,18,0.889,S
CHA,2024-01-14,L,239,87,33,95,0.347,10,41,0.244,11,15,0.733,N
MIA,2024-01-14,W,240,104,40,81,0.494,11,25,0.44,13,16,0.813,S
PHX,2024-01-14,W,239,127,46,76,0.605,13,28,0.464,22,27,0.815,S
IND,2024-01-14,L,240,109,43,92,0.467,8,29,0.276,15,22,0.682,S
POR,2024-01-14,L,240,116,40,89,0.449,20,42,0.476,16,22,0.727,S
SAC,2024-01-14,L,264,142,55,105,0.524,17,41,0.415,15,20,0.75,S
MIL,2024-01-14,W,265,143,48,92,0.522,20,43,0.465,27,32,0.844,S
MIN,2024-01-14,W,240,109,38,67,0.567,13,26,0.5,20,31,0.645,S
DEN,2024-01-14,W,239,117,46,71,0.648,10,20,0.5,15,23,0.652,S
GSW,2024-01-13,L,240,118,47,98,0.48,15,36,0.417,9,14,0.643,S
OKC,2024-01-13,W,239,112,43,94,0.457,8,36,0.222,18,21,0.857,S
ATL,2024-01-13,L,240,99,32,93,0.344,11,40,0.275,24,33,0.727,N
BOS,2024-01-13,W,239,145,51,95,0.537,24,47,0.511,19,25,0.76,S
MIL,2024-01-13,W,243,129,51,94,0.543,13,31,0.419,14,17,0.824,S
LAL,2024-01-13,L,240,125,46,92,0.5,13,29,0.448,20,24,0.833,S
DAL,2024-01-13,L,239,108,37,82,0.451,15,41,0.366,19,20,0.95,S
HOU,2024-01-13,L,240,113,40,99,0.404,7,30,0.233,26,30,0.867,S
WAS,2024-01-13,W,241,127,47,97,0.485,12,32,0.375,21,26,0.808,S
CHI,2024-01-13,W,239,122,46,90,0.511,15,34,0.441,15,20,0.75,S
NYK,2024-01-13,W,241,106,40,83,0.482,13,38,0.342,13,19,0.684,S
UTA,2024-01-13,W,241,132,42,93,0.452,12,37,0.324,36,39,0.923,S
NOP,2024-01-13,W,241,118,39,79,0.494,12,30,0.4,28,37,0.757,S
ORL,2024-01-13,L,240,100,39,84,0.464,7,35,0.2,15,24,0.625,N
MEM,2024-01-13,L,240,94,36,87,0.414,9,38,0.237,13,15,0.867,N
SAS,2024-01-13,L,240,116,39,95,0.411,18,46,0.391,20,23,0.87,S
ORL,2024-01-12,L,239,96,36,82,0.439,12,40,0.3,12,20,0.6,N
UTA,2024-01-12,W,240,145,52,93,0.559,21,43,0.488,20,26,0.769,S
MIA,2024-01-12,W,239,99,37,83,0.446,8,26,0.308,17,20,0.85,N
DEN,2024-01-12,W,240,125,50,90,0.556,14,33,0.424,11,15,0.733,S
MEM,2024-01-12,L,241,119,41,95,0.432,18,44,0.409,19,27,0.704,S
LAC,2024-01-12,W,240,128,49,89,0.551,15,31,0.484,15,20,0.75,S
POR,2024-01-12,L,240,93,30,77,0.39,10,28,0.357,23,34,0.676,N
CHA,2024-01-12,L,241,99,32,89,0.36,10,34,0.294,25,28,0.893,N
DET,2024-01-12,L,240,110,44,88,0.5,12,35,0.343,10,16,0.625,S
ATL,2024-01-12,L,242,108,40,89,0.449,11,30,0.367,17,23,0.739,S
HOU,2024-01-12,W,240,112,41,90,0.456,8,30,0.267,22,25,0.88,S
MIN,2024-01-12,W,239,116,44,80,0.55,11,31,0.355,17,24,0.708,S
NOP,2024-01-12,L,240,113,42,89,0.472,13,33,0.394,16,22,0.727,S
IND,2024-01-12,W,240,126,53,79,0.671,11,18,0.611,9,12,0.75,S
SAC,2024-01-12,L,242,93,32,95,0.337,8,38,0.211,21,26,0.808,N
GSW,2024-01-12,W,240,140,49,94,0.521,20,47,0.426,22,30,0.733,S
CHI,2024-01-12,L,241,131,50,86,0.581,18,40,0.45,13,16,0.813,S
PHI,2024-01-12,W,237,112,40,93,0.43,15,35,0.429,17,18,0.944,S
SAS,2024-01-12,W,244,135,45,87,0.517,18,38,0.474,27,34,0.794,S
TOR,2024-01-12,L,241,113,35,81,0.432,17,34,0.5,26,37,0.703,S
CLE,2024-01-11,W,241,111,32,82,0.39,13,44,0.295,34,43,0.791,S
BKN,2024-01-11,L,241,102,37,82,0.451,8,27,0.296,20,28,0.714,S
NYK,2024-01-11,L,240,124,44,89,0.494,14,42,0.333,22,28,0.786,S
OKC,2024-01-11,W,241,139,53,93,0.57,14,35,0.4,19,22,0.864,S
BOS,2024-01-11,L,241,102,34,91,0.374,9,35,0.257,25,30,0.833,S
PHX,2024-01-11,W,241,127,46,93,0.495,14,39,0.359,21,23,0.913,S
POR,2024-01-11,L,240,77,28,101,0.277,11,49,0.224,10,16,0.625,N
MIL,2024-01-11,W,241,135,52,92,0.565,18,42,0.429,13,16,0.813,S
DAL,2024-01-11,W,241,128,44,88,0.5,17,41,0.415,23,30,0.767,S
LAL,2024-01-11,L,238,109,40,80,0.5,13,34,0.382,16,25,0.64,S
SAC,2024-01-10,W,242,123,46,89,0.517,13,35,0.371,18,23,0.783,S
NOP,2024-01-10,W,239,141,54,94,0.574,19,40,0.475,14,19,0.737,S
IND,2024-01-10,W,239,112,41,92,0.446,8,25,0.32,22,24,0.917,S
OKC,2024-01-10,W,240,128,51,86,0.593,14,33,0.424,12,16,0.75,S
DET,2024-01-10,L,240,108,44,96,0.458,10,32,0.313,10,13,0.769,S
ATL,2024-01-10,W,265,139,48,102,0.471,12,34,0.353,31,42,0.738,S
CHA,2024-01-10,L,240,98,35,87,0.402,16,38,0.421,12,16,0.75,N
TOR,2024-01-10,L,238,120,46,84,0.548,12,30,0.4,16,18,0.889,S
UTA,2024-01-10,W,238,124,46,83,0.554,13,33,0.394,19,23,0.826,S
MIA,2024-01-10,L,241,120,41,89,0.461,15,36,0.417,23,28,0.821,S
MIN,2024-01-10,L,264,120,44,95,0.463,14,34,0.412,18,20,0.9,S
LAC,2024-01-10,W,240,126,49,93,0.527,15,34,0.441,13,13,1.0,S
GSW,2024-01-10,L,239,105,39,89,0.438,12,39,0.308,15,18,0.833,S
PHI,2024-01-10,L,265,132,46,102,0.451,12,34,0.353,28,33,0.848,S
BOS,2024-01-10,W,263,127,39,90,0.433,19,47,0.404,30,31,0.968,S
HOU,2024-01-10,L,265,119,48,101,0.475,11,45,0.244,12,20,0.6,S
CHI,2024-01-10,W,266,124,42,95,0.442,19,47,0.404,21,25,0.84,S
DEN,2024-01-10,L,240,111,37,81,0.457,13,33,0.394,24,28,0.857,S
WAS,2024-01-10,L,241,104,38,88,0.432,7,31,0.226,21,30,0.7,S
SAS,2024-01-10,W,240,130,49,94,0.521,9,27,0.333,23,27,0.852,S
DAL,2024-01-09,L,240,103,36,82,0.439,9,27,0.333,22,27,0.815,S
NYK,2024-01-09,W,240,112,37,89,0.416,18,48,0.375,20,23,0.87,S
MIN,2024-01-09,W,239,113,43,80,0.538,12,30,0.4,15,19,0.789,S
MEM,2024-01-09,W,240,120,44,91,0.484,14,37,0.378,18,21,0.857,S
POR,2024-01-09,L,241,84,33,86,0.384,6,29,0.207,12,18,0.667,N
DET,2024-01-09,L,242,110,40,85,0.471,14,37,0.378,16,21,0.762,S
SAC,2024-01-09,W,239,131,54,94,0.574,13,33,0.394,10,14,0.714,S
ORL,2024-01-09,L,240,92,34,94,0.362,13,42,0.31,11,18,0.611,N
LAL,2024-01-09,W,241,132,44,81,0.543,16,36,0.444,28,36,0.778,S
TOR,2024-01-09,L,240,131,53,94,0.564,17,35,0.486,8,13,0.615,S
CHI,2024-01-08,W,266,119,45,92,0.489,9,26,0.346,20,24,0.833,S
MIA,2024-01-08,W,239,120,41,82,0.5,15,36,0.417,23,32,0.719,S
PHX,2024-01-08,L,240,111,38,77,0.494,10,30,0.333,25,29,0.862,S
LAC,2024-01-08,W,241,138,53,85,0.624,15,29,0.517,17,23,0.739,S
HOU,2024-01-08,L,240,113,37,88,0.42,14,41,0.341,25,28,0.893,S
BOS,2024-01-08,L,240,131,47,90,0.522,17,35,0.486,20,29,0.69,S
CHA,2024-01-08,L,265,112,40,94,0.426,17,42,0.405,15,17,0.882,S
MIL,2024-01-08,L,240,116,42,94,0.447,17,36,0.472,15,19,0.789,S
IND,2024-01-08,W,240,133,48,91,0.527,19,40,0.475,18,22,0.818,S
OKC,2024-01-08,W,240,136,52,88,0.591,14,28,0.5,18,24,0.75,S
WAS,2024-01-08,L,240,128,44,89,0.494,15,32,0.469,25,29,0.862,S
UTA,2024-01-08,W,239,132,47,90,0.522,20,44,0.455,18,22,0.818,S
CLE,2024-01-07,W,240,117,43,88,0.489,16,43,0.372,15,21,0.714,S
ORL,2024-01-07,W,265,117,43,98,0.439,17,41,0.415,14,22,0.636,S
SAC,2024-01-07,L,240,100,38,91,0.418,15,45,0.333,9,12,0.75,N
SAS,2024-01-07,L,241,115,41,86,0.477,14,37,0.378,19,22,0.864,S
TOR,2024-01-07,W,241,133,55,94,0.585,15,33,0.455,8,14,0.571,S
DEN,2024-01-07,W,237,131,47,80,0.588,10,27,0.37,27,31,0.871,S
DAL,2024-01-07,W,240,115,43,95,0.453,15,40,0.375,14,20,0.7,S
MEM,2024-01-07,W,241,121,43,97,0.443,17,49,0.347,18,24,0.75,S
LAC,2024-01-07,L,240,103,36,91,0.396,14,37,0.378,17,19,0.895,S
ATL,2024-01-07,L,265,110,42,91,0.462,9,30,0.3,17,29,0.586,S
NOP,2024-01-07,W,239,133,50,82,0.61,19,35,0.543,14,16,0.875,S
PHX,2024-01-07,L,238,115,46,102,0.451,8,28,0.286,15,22,0.682,S
GSW,2024-01-07,L,241,118,45,100,0.45,14,46,0.304,14,15,0.933,S
BKN,2024-01-07,L,266,127,46,91,0.505,14,37,0.378,21,25,0.84,S
DET,2024-01-07,L,240,114,42,89,0.472,9,24,0.375,21,30,0.7,S
LAL,2024-01-07,W,240,106,42,82,0.512,11,29,0.379,11,16,0.688,S
MIN,2024-01-07,L,240,108,41,94,0.436,13,41,0.317,13,21,0.619,S
POR,2024-01-07,W,265,134,45,95,0.474,20,38,0.526,24,30,0.8,S
MIL,2024-01-06,L,239,108,35,76,0.461,9,34,0.265,29,42,0.69,S
NYK,2024-01-06,W,240,121,43,87,0.494,14,36,0.389,21,24,0.875,S
IND,2024-01-06,L,240,101,38,92,0.413,8,42,0.19,17,22,0.773,S
PHI,2024-01-06,L,239,109,42,104,0.404,7,38,0.184,18,23,0.783,S
BOS,2024-01-06,W,240,118,46,90,0.511,16,41,0.39,10,19,0.526,S
HOU,2024-01-06,W,239,112,36,83,0.434,13,34,0.382,27,32,0.844,S
WAS,2024-01-06,L,240,105,40,85,0.471,13,37,0.351,12,20,0.6,S
UTA,2024-01-06,W,240,120,46,80,0.575,8,30,0.267,20,24,0.833,S
DEN,2024-01-05,L,239,120,48,95,0.505,9,33,0.273,15,19,0.789,S
MIA,2024-01-05,L,240,97,34,83,0.41,10,37,0.27,19,22,0.864,N
DET,2024-01-05,L,240,109,44,98,0.449,13,44,0.295,8,10,0.8,S
CLE,2024-01-05,W,241,114,41,77,0.532,16,33,0.485,16,23,0.696,S
LAC,2024-01-05,W,239,111,40,82,0.488,15,36,0.417,16,20,0.8,S
PHI,2024-01-05,L,239,92,33,81,0.407,6,23,0.261,20,27,0.741,N
DAL,2024-01-05,W,240,139,56,96,0.583,17,38,0.447,10,15,0.667,S
BKN,2024-01-05,W,240,124,41,91,0.451,14,39,0.359,28,33,0.848,S
POR,2024-01-05,L,241,103,39,95,0.411,13,40,0.325,12,17,0.706,S
LAL,2024-01-05,L,240,113,42,85,0.494,10,28,0.357,19,27,0.704,S
MIN,2024-01-05,W,241,122,46,88,0.523,14,33,0.424,16,20,0.8,S
CHI,2024-01-05,W,240,104,40,74,0.541,10,28,0.357,14,17,0.824,S
HOU,2024-01-05,L,240,95,36,90,0.4,12,32,0.375,11,15,0.733,N
NYK,2024-01-05,W,240,128,43,89,0.483,18,41,0.439,24,25,0.96,S
NOP,2024-01-05,L,238,95,33,92,0.359,12,29,0.414,17,23,0.739,N
OKC,2024-01-05,L,241,115,45,84,0.536,9,31,0.29,16,24,0.667,S
MEM,2024-01-05,W,240,127,44,82,0.537,23,45,0.511,16,20,0.8,S
TOR,2024-01-05,L,240,130,47,87,0.54,13,37,0.351,23,27,0.852,S
WAS,2024-01-05,L,237,90,35,84,0.417,9,30,0.3,11,15,0.733,N
BOS,2024-01-05,W,240,126,39,90,0.433,17,49,0.347,31,36,0.861,S
ATL,2024-01-05,L,238,116,40,93,0.43,10,42,0.238,26,30,0.867,S
CHA,2024-01-05,L,240,91,36,89,0.404,10,34,0.294,9,12,0.75,N
UTA,2024-01-05,L,239,97,34,94,0.362,6,34,0.176,23,34,0.676,N
ORL,2024-01-05,W,242,122,41,82,0.5,17,36,0.472,23,34,0.676,S
IND,2024-01-05,W,240,150,60,94,0.638,19,39,0.487,11,13,0.846,S
PHX,2024-01-05,W,240,113,44,87,0.506,14,35,0.4,11,17,0.647,S
SAC,2024-01-05,W,240,135,52,100,0.52,21,38,0.553,10,15,0.667,S
GSW,2024-01-05,W,242,113,38,82,0.463,16,38,0.421,21,25,0.84,S
MIL,2024-01-04,W,240,125,49,92,0.533,12,34,0.353,15,19,0.789,S
GSW,2024-01-04,L,240,127,49,90,0.544,15,36,0.417,14,16,0.875,S
SAS,2024-01-04,L,241,121,46,95,0.484,14,40,0.35,15,17,0.882,S
DEN,2024-01-04,W,238,130,48,85,0.565,9,26,0.346,25,29,0.862,S
NOP,2024-01-03,W,240,117,45,81,0.556,12,26,0.462,15,17,0.882,S
HOU,2024-01-03,W,241,112,37,76,0.487,19,39,0.487,19,27,0.704,S
CHI,2024-01-03,L,241,100,37,89,0.416,13,32,0.406,13,16,0.813,N
PHX,2024-01-03,L,240,122,42,79,0.532,15,35,0.429,23,26,0.885,S
MIA,2024-01-03,W,242,110,41,93,0.441,16,42,0.381,12,17,0.706,S
BKN,2024-01-03,L,239,101,36,93,0.387,13,44,0.295,16,26,0.615,S
OKC,2024-01-03,L,240,138,50,91,0.549,18,36,0.5,20,26,0.769,S
MIN,2024-01-03,L,239,106,37,82,0.451,10,31,0.323,22,27,0.815,S
SAC,2024-01-03,W,289,138,51,105,0.486,15,40,0.375,21,31,0.677,S
ATL,2024-01-03,W,240,141,48,95,0.505,14,39,0.359,31,33,0.939,S
ORL,2024-01-03,L,290,135,44,90,0.489,25,44,0.568,22,27,0.815,S
MIL,2024-01-03,L,240,130,46,92,0.5,14,37,0.378,24,32,0.75,S
MEM,2024-01-03,L,241,111,40,94,0.426,15,42,0.357,16,19,0.842,S
NYK,2024-01-03,W,239,116,46,89,0.517,15,38,0.395,9,11,0.818,S
DET,2024-01-03,L,265,148,56,105,0.533,19,41,0.463,17,22,0.773,S
LAL,2024-01-03,L,241,96,35,83,0.422,4,30,0.133,22,24,0.917,N
TOR,2024-01-03,W,239,116,41,85,0.482,12,26,0.462,22,27,0.815,S
WAS,2024-01-03,L,241,101,42,101,0.416,12,35,0.343,5,11,0.455,S
DAL,2024-01-03,W,240,126,42,84,0.5,13,30,0.433,29,41,0.707,S
UTA,2024-01-03,W,266,154,53,103,0.515,16,32,0.5,32,35,0.914,S
IND,2024-01-03,W,240,142,50,90,0.556,14,35,0.4,28,34,0.824,S
CLE,2024-01-03,W,241,140,54,101,0.535,20,42,0.476,12,16,0.75,S
POR,2024-01-03,L,240,97,34,87,0.391,13,40,0.325,16,22,0.727,N
LAC,2024-01-03,W,240,131,42,76,0.553,18,34,0.529,29,32,0.906,S
SAC,2024-01-02,L,240,104,40,92,0.435,14,36,0.389,10,17,0.588,S
OKC,2024-01-02,W,240,127,48,91,0.527,18,40,0.45,13,17,0.765,S
MEM,2024-01-02,W,239,106,37,80,0.463,12,38,0.316,20,25,0.8,S
BKN,2024-01-02,L,239,85,35,98,0.357,11,43,0.256,4,8,0.5,N
GSW,2024-01-02,W,239,121,42,78,0.538,13,35,0.371,24,37,0.649,S
SAS,2024-01-02,L,238,98,36,85,0.424,10,31,0.323,16,23,0.696,N
PHI,2024-01-02,W,239,110,38,80,0.475,12,30,0.4,22,30,0.733,S
NOP,2024-01-02,W,241,112,41,88,0.466,16,39,0.41,14,18,0.778,S
ORL,2024-01-02,L,240,115,41,92,0.446,14,36,0.389,19,23,0.826,S
BOS,2024-01-02,L,241,123,42,92,0.457,15,40,0.375,24,29,0.828,S
CHA,2024-01-02,W,239,111,42,82,0.512,12,34,0.353,15,19,0.789,S
CHI,2024-01-02,L,240,97,37,96,0.385,7,37,0.189,16,23,0.696,N
UTA,2024-01-01,W,242,127,49,96,0.51,12,44,0.273,17,18,0.944,S
PHX,2024-01-01,W,241,109,38,80,0.475,11,29,0.379,22,33,0.667,S
MIN,2024-01-01,L,241,106,36,76,0.474,11,28,0.393,23,29,0.793,S
NYK,2024-01-01,W,240,112,39,89,0.438,12,34,0.353,22,28,0.786,S
DEN,2024-01-01,W,242,111,41,83,0.494,15,38,0.395,14,18,0.778,S
CLE,2024-01-01,L,239,121,43,89,0.483,12,36,0.333,23,26,0.885,S
MIL,2024-01-01,L,241,113,41,93,0.441,10,40,0.25,21,26,0.808,S
DAL,2024-01-01,L,241,90,37,93,0.398,11,40,0.275,5,10,0.5,N
CHA,2024-01-01,L,240,93,36,86,0.419,10,26,0.385,11,16,0.688,N
DET,2024-01-01,L,239,113,40,83,0.482,13,29,0.448,20,27,0.741,S
MIA,2024-01-01,L,241,104,35,83,0.422,11,34,0.324,23,29,0.793,S
HOU,2024-01-01,W,240,136,51,91,0.56,15,35,0.429,19,24,0.792,S
IND,2024-01-01,W,240,122,43,97,0.443,5,35,0.143,31,38,0.816,S
POR,2024-01-01,L,239,88,33,80,0.413,8,30,0.267,14,19,0.737,N
TOR,2024-01-01,W,239,124,42,87,0.483,11,30,0.367,29,40,0.725,S
LAC,2024-01-01,W,241,121,47,80,0.588,14,29,0.483,13,14,0.929,S
MEM,2023-12-31,L,241,92,30,82,0.366,12,40,0.3,20,28,0.714,N
OKC,2023-12-31,W,242,124,45,83,0.542,18,33,0.545,16,20,0.8,S
ATL,2023-12-31,W,240,130,47,95,0.495,12,32,0.375,24,37,0.649,S
LAL,2023-12-31,L,240,109,39,82,0.476,10,32,0.313,21,25,0.84,S
PHX,2023-12-31,W,241,112,44,88,0.5,8,27,0.296,16,19,0.842,S
BKN,2023-12-31,L,241,108,38,100,0.38,12,46,0.261,20,31,0.645,S
SAC,2023-12-31,W,239,123,47,92,0.511,16,33,0.485,13,17,0.765,S
NOP,2023-12-31,W,240,129,45,87,0.517,17,34,0.5,22,27,0.815,S
ORL,2023-12-31,L,240,107,42,90,0.467,12,37,0.324,11,12,0.917,S
WAS,2023-12-31,L,241,126,46,98,0.469,17,53,0.321,17,21,0.81,S
SAS,2023-12-31,L,241,101,40,94,0.426,12,45,0.267,9,12,0.75,S
BOS,2023-12-31,W,240,134,51,95,0.537,15,42,0.357,17,22,0.773,S
TOR,2023-12-30,L,239,127,46,91,0.505,12,24,0.5,23,28,0.821,S
UTA,2023-12-30,W,241,117,43,93,0.462,11,41,0.268,20,28,0.714,S
MIN,2023-12-30,W,239,108,38,76,0.5,12,34,0.353,20,24,0.833,S
MIA,2023-12-30,L,241,109,34,78,0.436,9,31,0.29,32,40,0.8,S
LAL,2023-12-30,L,239,106,37,88,0.42,7,24,0.292,25,32,0.781,S
IND,2023-12-30,W,240,140,50,85,0.588,23,43,0.535,17,21,0.81,S
DAL,2023-12-30,W,241,132,49,88,0.557,16,40,0.4,18,22,0.818,S
DET,2023-12-30,W,240,129,41,82,0.5,12,28,0.429,35,40,0.875,S
GSW,2023-12-30,L,240,122,47,103,0.456,19,48,0.396,9,13,0.692,S
CHI,2023-12-30,W,239,105,40,79,0.506,7,25,0.28,18,30,0.6,S
PHI,2023-12-30,L,239,92,36,92,0.391,9,38,0.237,11,15,0.733,N
NYK,2023-12-30,L,240,126,45,95,0.474,17,37,0.459,19,27,0.704,S
PHX,2023-12-29,W,240,133,46,74,0.622,18,30,0.6,23,24,0.958,S
LAC,2023-12-29,W,240,117,43,87,0.494,11,39,0.282,20,25,0.8,S
WAS,2023-12-29,W,241,110,46,91,0.505,15,38,0.395,3,7,0.429,S
CHA,2023-12-29,L,240,119,44,92,0.478,23,46,0.5,8,8,1.0,S
SAS,2023-12-29,L,241,128,48,94,0.511,14,33,0.424,18,25,0.72,S
MIL,2023-12-29,W,241,119,41,80,0.513,12,29,0.414,25,28,0.893,S
BKN,2023-12-29,L,239,104,39,91,0.429,9,28,0.321,17,27,0.63,S
BOS,2023-12-29,W,239,120,43,88,0.489,17,39,0.436,17,20,0.85,S
PHI,2023-12-29,W,240,131,45,86,0.523,12,33,0.364,29,33,0.879,S
ORL,2023-12-29,W,239,117,40,89,0.449,7,33,0.212,30,40,0.75,S
SAC,2023-12-29,W,241,117,46,89,0.517,17,45,0.378,8,15,0.533,S
MEM,2023-12-29,L,240,106,38,87,0.437,13,40,0.325,17,20,0.85,S
DEN,2023-12-29,L,240,93,36,85,0.424,10,37,0.27,11,15,0.733,N
CLE,2023-12-29,L,239,111,49,103,0.476,6,43,0.14,7,9,0.778,S
POR,2023-12-29,W,240,134,48,95,0.505,16,27,0.593,22,27,0.815,S
OKC,2023-12-29,W,240,119,46,91,0.505,12,35,0.343,15,16,0.938,S
NYK,2023-12-29,L,240,108,38,86,0.442,6,30,0.2,26,29,0.897,S
TOR,2023-12-29,L,240,118,44,95,0.463,17,44,0.386,13,20,0.65,S
HOU,2023-12-29,L,240,127,49,91,0.538,14,30,0.467,15,21,0.714,S
ATL,2023-12-29,L,239,110,37,94,0.394,15,43,0.349,21,25,0.84,S
MEM,2023-12-28,L,240,105,37,89,0.416,13,35,0.371,18,25,0.72,S
GSW,2023-12-28,L,241,102,37,88,0.42,8,33,0.242,20,25,0.8,S
LAL,2023-12-28,W,240,133,52,97,0.536,15,30,0.5,14,14,1.0,S
IND,2023-12-28,W,241,120,43,85,0.506,19,42,0.452,15,22,0.682,S
DEN,2023-12-28,W,242,142,55,96,0.573,20,41,0.488,12,14,0.857,S
MIN,2023-12-28,W,240,118,38,74,0.514,17,33,0.515,25,34,0.735,S
POR,2023-12-28,L,241,105,35,101,0.347,11,36,0.306,24,32,0.75,S
CHI,2023-12-28,L,240,104,40,97,0.412,7,27,0.259,17,22,0.773,S
NOP,2023-12-28,W,240,112,45,82,0.549,10,27,0.37,12,15,0.8,S
DAL,2023-12-28,L,240,110,40,90,0.444,14,33,0.424,16,19,0.842,S
DET,2023-12-28,L,266,122,48,101,0.475,14,43,0.326,12,19,0.632,S
BOS,2023-12-28,W,266,128,48,99,0.485,11,39,0.282,21,25,0.84,S
CHA,2023-12-28,L,240,112,40,85,0.471,15,33,0.455,17,28,0.607,S
SAS,2023-12-28,W,241,118,41,85,0.482,10,36,0.278,26,28,0.929,S
UTA,2023-12-28,L,240,105,36,85,0.424,12,39,0.308,21,25,0.84,S
MIA,2023-12-28,W,241,114,44,91,0.484,10,31,0.323,16,22,0.727,S
PHX,2023-12-27,W,240,129,47,82,0.573,14,33,0.424,21,26,0.808,S
NYK,2023-12-27,L,241,120,41,82,0.5,14,34,0.412,24,30,0.8,S
BKN,2023-12-27,L,240,122,45,101,0.446,7,32,0.219,25,29,0.862,S
WAS,2023-12-27,L,241,102,42,90,0.467,8,33,0.242,10,15,0.667,S
TOR,2023-12-27,W,239,132,52,91,0.571,15,38,0.395,13,19,0.684,S
PHI,2023-12-27,W,240,112,45,96,0.469,10,28,0.357,12,17,0.706,S
DAL,2023-12-27,L,241,110,39,88,0.443,10,37,0.27,22,26,0.846,S
MIL,2023-12-27,W,240,144,52,89,0.584,23,51,0.451,17,23,0.739,S
HOU,2023-12-27,L,240,113,40,96,0.417,17,41,0.415,16,22,0.727,S
ORL,2023-12-27,L,239,92,31,79,0.392,9,33,0.273,21,24,0.875,N
CLE,2023-12-27,W,241,113,40,92,0.435,17,43,0.395,16,23,0.696,S
OKC,2023-12-27,W,240,129,49,90,0.544,14,32,0.438,17,22,0.773,S
WAS,2023-12-26,L,240,119,43,87,0.494,16,42,0.381,17,21,0.81,S
ATL,2023-12-26,L,239,113,41,89,0.461,13,45,0.289,18,21,0.857,S
ORL,2023-12-26,W,240,127,49,93,0.527,12,26,0.462,17,25,0.68,S
SAC,2023-12-26,L,240,113,45,93,0.484,10,42,0.238,13,16,0.813,S
SAS,2023-12-26,L,240,118,44,98,0.449,16,35,0.457,14,21,0.667,S
NOP,2023-12-26,L,266,115,42,97,0.433,10,31,0.323,21,33,0.636,S
CHI,2023-12-26,W,239,118,42,92,0.457,7,25,0.28,27,31,0.871,S
HOU,2023-12-26,L,241,117,47,97,0.485,5,24,0.208,18,22,0.818,S
OKC,2023-12-26,W,239,129,49,81,0.605,18,39,0.462,13,16,0.813,S
POR,2023-12-26,W,241,130,49,98,0.5,16,40,0.4,16,20,0.8,S
BKN,2023-12-26,W,240,118,41,82,0.5,9,22,0.409,27,43,0.628,S
DET,2023-12-26,L,242,112,40,90,0.444,9,25,0.36,23,32,0.719,S
MIN,2023-12-26,L,241,106,34,73,0.466,12,27,0.444,26,32,0.813,S
CHA,2023-12-26,L,239,104,43,93,0.462,6,29,0.207,12,16,0.75,S
IND,2023-12-26,W,241,123,43,82,0.524,19,43,0.442,18,21,0.857,S
UTA,2023-12-26,W,239,130,47,95,0.495,16,43,0.372,20,22,0.909,S
LAC,2023-12-26,W,239,113,40,85,0.471,14,34,0.412,19,25,0.76,S
MEM,2023-12-26,W,265,116,39,90,0.433,11,46,0.239,27,32,0.844,S
DEN,2023-12-25,W,241,120,40,82,0.488,14,34,0.412,26,32,0.813,S
BOS,2023-12-25,W,240,126,46,91,0.505,13,42,0.31,21,28,0.75,S
PHX,2023-12-25,L,240,114,40,90,0.444,14,41,0.341,20,25,0.8,S
DAL,2023-12-25,W,240,128,45,84,0.536,16,44,0.364,22,30,0.733,S
PHI,2023-12-25,L,243,113,40,94,0.426,17,45,0.378,16,25,0.64,S
MIL,2023-12-25,L,241,122,45,95,0.474,13,42,0.31,19,24,0.792,S
GSW,2023-12-25,L,240,114,40,87,0.46,14,40,0.35,20,23,0.87,S
LAL,2023-12-25,L,240,115,43,90,0.478,13,32,0.406,16,21,0.762,S
NYK,2023-12-25,W,240,129,50,92,0.543,8,26,0.308,21,26,0.808,S
MIA,2023-12-25,W,239,119,40,84,0.476,12,32,0.375,27,35,0.771,S
NOP,2023-12-23,L,240,104,38,82,0.463,8,31,0.258,20,29,0.69,S
LAC,2023-12-23,L,240,108,41,89,0.461,11,34,0.324,15,15,1.0,S
DET,2023-12-23,L,239,115,39,79,0.494,15,35,0.429,22,29,0.759,S
GSW,2023-12-23,W,241,126,48,83,0.578,10,33,0.303,20,24,0.833,S
OKC,2023-12-23,L,239,120,46,95,0.484,13,41,0.317,15,19,0.789,S
ORL,2023-12-23,W,239,117,39,73,0.534,6,18,0.333,33,41,0.805,S
CLE,2023-12-23,W,241,109,39,88,0.443,12,45,0.267,19,26,0.731,S
DEN,2023-12-23,W,242,102,39,90,0.433,12,30,0.4,12,14,0.857,S
CHA,2023-12-23,L,239,95,34,88,0.386,8,28,0.286,19,23,0.826,N
SAC,2023-12-23,L,239,98,37,85,0.435,8,33,0.242,16,21,0.762,N
UTA,2023-12-23,W,241,126,48,91,0.527,17,38,0.447,13,14,0.929,S
NYK,2023-12-23,L,240,111,41,93,0.441,9,29,0.31,20,21,0.952,S
TOR,2023-12-23,L,240,119,45,94,0.479,13,32,0.406,16,19,0.842,S
LAL,2023-12-23,W,240,129,47,90,0.522,16,32,0.5,19,23,0.826,S
SAS,2023-12-23,L,239,119,44,98,0.449,14,45,0.311,17,24,0.708,S
DAL,2023-12-23,W,241,144,52,100,0.52,23,45,0.511,17,21,0.81,S
ATL,2023-12-23,L,239,119,45,96,0.469,13,43,0.302,16,20,0.8,S
POR,2023-12-23,L,242,106,38,84,0.452,13,35,0.371,17,25,0.68,S
HOU,2023-12-23,W,238,106,35,82,0.427,9,29,0.31,27,35,0.771,S
MIL,2023-12-23,W,239,130,48,91,0.527,16,32,0.5,18,23,0.783,S
IND,2023-12-23,L,239,110,43,82,0.524,15,34,0.441,9,13,0.692,S
BOS,2023-12-23,W,241,145,49,94,0.521,25,53,0.472,22,28,0.786,S
MIN,2023-12-23,W,241,110,44,87,0.506,10,33,0.303,12,14,0.857,S
BKN,2023-12-23,W,240,126,45,86,0.523,10,24,0.417,26,32,0.813,S
MEM,2023-12-23,W,239,125,50,97,0.515,11,33,0.333,14,22,0.636,S
CHI,2023-12-23,L,240,95,35,80,0.438,8,35,0.229,17,19,0.895,N
BKN,2023-12-22,L,239,117,43,89,0.483,13,33,0.394,18,26,0.692,S
PHX,2023-12-22,L,240,105,39,88,0.443,5,25,0.2,22,28,0.786,S
MIA,2023-12-22,W,240,122,40,86,0.465,17,39,0.436,25,30,0.833,S
HOU,2023-12-22,W,243,122,46,95,0.484,11,38,0.289,19,23,0.826,S
GSW,2023-12-22,W,240,129,47,97,0.485,18,45,0.4,17,20,0.85,S
PHI,2023-12-22,W,241,121,44,83,0.53,14,31,0.452,19,21,0.905,S
TOR,2023-12-22,L,240,111,39,87,0.448,9,33,0.273,24,28,0.857,S
DAL,2023-12-22,L,240,96,35,101,0.347,7,40,0.175,19,26,0.731,N
ATL,2023-12-22,L,240,113,42,96,0.438,19,54,0.352,10,14,0.714,S
WAS,2023-12-22,L,240,118,44,97,0.454,11,35,0.314,19,24,0.792,S
SAC,2023-12-22,W,237,120,44,83,0.53,12,38,0.316,20,26,0.769,S
DEN,2023-12-22,W,240,122,45,87,0.517,11,26,0.423,21,25,0.84,S
POR,2023-12-21,L,241,117,43,95,0.453,14,30,0.467,17,23,0.739,S
ORL,2023-12-21,L,241,114,45,99,0.455,8,33,0.242,16,23,0.696,S
NOP,2023-12-21,W,240,123,47,86,0.547,15,35,0.429,14,16,0.875,S
CLE,2023-12-21,L,239,104,41,87,0.471,17,44,0.386,5,8,0.625,S
CHI,2023-12-21,W,239,114,49,90,0.544,7,28,0.25,9,11,0.818,S
OKC,2023-12-21,W,240,134,51,87,0.586,16,34,0.471,16,18,0.889,S
MIN,2023-12-21,W,239,118,42,87,0.483,14,36,0.389,20,25,0.8,S
MIL,2023-12-21,W,239,118,38,90,0.422,11,37,0.297,31,35,0.886,S
IND,2023-12-21,L,241,103,38,90,0.422,18,52,0.346,9,11,0.818,S
LAC,2023-12-21,L,241,115,44,93,0.473,17,43,0.395,10,12,0.833,S
LAL,2023-12-21,L,240,111,41,83,0.494,10,24,0.417,19,24,0.792,S
DET,2023-12-21,L,241,111,43,86,0.5,9,31,0.29,16,19,0.842,S
UTA,2023-12-21,W,240,119,43,94,0.457,11,30,0.367,22,24,0.917,S
SAS,2023-12-21,L,240,95,37,81,0.457,10,30,0.333,11,16,0.688,N
MEM,2023-12-21,W,240,116,43,84,0.512,16,35,0.457,14,21,0.667,S
WAS,2023-12-21,W,240,118,42,84,0.5,12,30,0.4,22,32,0.688,S
MIA,2023-12-20,W,241,115,40,83,0.482,15,29,0.517,20,24,0.833,S
LAC,2023-12-20,W,239,120,43,77,0.558,11,31,0.355,23,25,0.92,S
DAL,2023-12-20,L,241,111,39,91,0.429,14,43,0.326,19,27,0.704,S
CLE,2023-12-20,W,241,124,45,96,0.469,23,51,0.451,11,16,0.688,S
HOU,2023-12-20,L,240,127,44,89,0.494,16,34,0.471,23,23,1.0,S
ORL,2023-12-20,L,239,106,41,89,0.461,9,36,0.25,15,19,0.789,S
ATL,2023-12-20,W,240,134,47,91,0.516,17,40,0.425,23,28,0.821,S
DEN,2023-12-20,W,241,113,49,98,0.5,12,33,0.364,3,7,0.429,S
UTA,2023-12-20,L,241,116,40,78,0.513,13,30,0.433,23,28,0.821,S
BOS,2023-12-20,W,239,144,51,92,0.554,22,42,0.524,20,24,0.833,S
CHI,2023-12-20,W,240,124,48,88,0.545,18,34,0.529,10,11,0.909,S
PHI,2023-12-20,W,240,127,45,84,0.536,8,22,0.364,29,32,0.906,S
SAC,2023-12-20,L,239,119,43,91,0.473,21,44,0.477,12,23,0.522,S
BKN,2023-12-20,L,242,102,37,101,0.366,15,47,0.319,13,17,0.765,S
TOR,2023-12-20,L,241,104,43,90,0.478,9,27,0.333,9,13,0.692,S
CHA,2023-12-20,L,241,113,45,95,0.474,8,31,0.258,15,19,0.789,S
MIN,2023-12-20,L,240,113,42,82,0.512,9,25,0.36,20,24,0.833,S
IND,2023-12-20,W,239,144,49,80,0.613,18,39,0.462,28,30,0.933,S
NYK,2023-12-20,W,239,121,44,95,0.463,13,33,0.394,20,25,0.8,S
LAL,2023-12-20,L,240,108,42,94,0.447,12,37,0.324,12,15,0.8,S
SAS,2023-12-19,L,241,119,46,96,0.479,9,30,0.3,18,21,0.857,S
PHX,2023-12-19,L,240,104,42,94,0.447,5,23,0.217,15,21,0.714,S
MIL,2023-12-19,W,240,132,50,106,0.472,18,49,0.367,14,18,0.778,S
NOP,2023-12-19,L,238,113,40,85,0.471,11,25,0.44,22,24,0.917,S
BOS,2023-12-19,L,264,126,47,114,0.412,17,58,0.293,15,17,0.882,S
MEM,2023-12-19,W,242,115,41,82,0.5,10,31,0.323,23,29,0.793,S
POR,2023-12-19,W,241,109,39,87,0.448,14,28,0.5,17,19,0.895,S
GSW,2023-12-19,W,266,132,50,109,0.459,20,50,0.4,12,14,0.857,S
MIN,2023-12-18,W,240,112,42,85,0.494,11,29,0.379,17,19,0.895,S
TOR,2023-12-18,W,240,114,44,86,0.512,8,29,0.276,18,22,0.818,S
DAL,2023-12-18,L,240,104,41,92,0.446,13,38,0.342,9,19,0.474,S
ATL,2023-12-18,W,240,130,46,85,0.541,16,36,0.444,22,27,0.815,S
CHI,2023-12-18,W,240,108,42,89,0.472,12,29,0.414,12,15,0.8,S
SAC,2023-12-18,W,242,143,53,100,0.53,17,43,0.395,20,26,0.769,S
DET,2023-12-18,L,239,124,48,94,0.511,9,22,0.409,19,27,0.704,S
DEN,2023-12-18,W,240,130,49,87,0.563,14,26,0.538,18,22,0.818,S
LAL,2023-12-18,L,240,109,42,99,0.424,13,41,0.317,12,13,0.923,S
MIA,2023-12-18,L,239,108,41,87,0.471,11,30,0.367,15,18,0.833,S
MEM,2023-12-18,L,240,97,30,85,0.353,19,54,0.352,18,21,0.857,N
BKN,2023-12-18,L,239,108,39,90,0.433,16,39,0.41,14,20,0.7,S
IND,2023-12-18,L,239,127,49,95,0.516,12,33,0.364,17,21,0.81,S
WAS,2023-12-18,L,241,131,44,85,0.518,18,38,0.474,25,30,0.833,S
HOU,2023-12-18,L,265,130,47,102,0.461,12,33,0.364,24,27,0.889,S
OKC,2023-12-18,W,238,116,42,92,0.457,11,36,0.306,21,23,0.913,S
LAC,2023-12-18,W,239,151,56,98,0.571,19,38,0.5,20,23,0.87,S
NYK,2023-12-18,W,239,114,42,88,0.477,10,30,0.333,20,23,0.87,S
UTA,2023-12-18,W,240,125,45,91,0.495,14,34,0.412,21,24,0.875,S
PHI,2023-12-18,L,241,104,38,88,0.432,11,32,0.344,17,19,0.895,S
CLE,2023-12-18,W,265,135,47,97,0.485,19,48,0.396,22,34,0.647,S
CHA,2023-12-18,L,240,99,39,89,0.438,8,32,0.25,13,13,1.0,N
ORL,2023-12-17,L,240,97,34,89,0.382,11,36,0.306,18,24,0.75,N
HOU,2023-12-17,L,241,119,45,85,0.529,11,27,0.407,18,21,0.857,S
POR,2023-12-17,L,241,114,40,85,0.471,13,35,0.371,21,23,0.913,S
WAS,2023-12-17,L,239,108,39,95,0.411,14,46,0.304,16,20,0.8,S
MIL,2023-12-17,W,238,128,45,90,0.5,13,36,0.361,25,32,0.781,S
NOP,2023-12-17,W,240,146,55,98,0.561,22,42,0.524,14,22,0.636,S
GSW,2023-12-17,W,240,118,46,87,0.529,13,38,0.342,13,19,0.684,S
SAS,2023-12-17,L,241,110,40,94,0.426,15,42,0.357,15,21,0.714,S
PHX,2023-12-17,W,238,112,41,90,0.456,7,31,0.226,23,30,0.767,S
BOS,2023-12-17,W,239,114,45,95,0.474,17,36,0.472,7,8,0.875,S
POR,2023-12-16,L,239,120,47,94,0.5,7,32,0.219,19,22,0.864,S
MIA,2023-12-16,W,240,118,43,83,0.518,13,35,0.371,19,25,0.76,S
CLE,2023-12-16,W,240,127,49,101,0.485,16,42,0.381,13,15,0.867,S
MIL,2023-12-16,W,240,146,50,88,0.568,19,42,0.452,27,32,0.844,S
DEN,2023-12-16,L,239,117,42,93,0.452,12,32,0.375,21,24,0.875,S
CHI,2023-12-16,L,240,116,37,77,0.481,16,38,0.421,26,29,0.897,S
GSW,2023-12-16,W,241,124,44,91,0.484,17,32,0.531,19,20,0.95,S
UTA,2023-12-16,L,238,104,38,86,0.442,12,37,0.324,16,21,0.762,S
MIN,2023-12-16,W,239,127,48,86,0.558,18,30,0.6,13,16,0.813,S
PHI,2023-12-16,W,240,135,53,88,0.602,14,31,0.452,15,17,0.882,S
OKC,2023-12-16,W,240,118,43,84,0.512,7,21,0.333,25,30,0.833,S
DAL,2023-12-16,W,240,131,48,97,0.495,16,47,0.34,19,21,0.905,S
CHA,2023-12-16,L,239,82,33,91,0.363,7,35,0.2,9,11,0.818,N
DET,2023-12-16,L,240,114,43,96,0.448,6,28,0.214,22,26,0.846,S
BKN,2023-12-16,L,241,120,45,93,0.484,17,43,0.395,13,15,0.867,S
NYK,2023-12-16,L,240,122,44,94,0.468,11,35,0.314,23,26,0.885,S
SAC,2023-12-16,W,240,125,46,85,0.541,22,45,0.489,11,15,0.733,S
ATL,2023-12-16,L,239,119,41,85,0.482,15,36,0.417,22,25,0.88,S
LAC,2023-12-16,W,240,144,50,88,0.568,16,33,0.485,28,34,0.824,S
IND,2023-12-16,L,239,109,45,90,0.5,6,21,0.286,13,16,0.813,S
HOU,2023-12-15,W,239,103,32,88,0.364,11,29,0.379,28,32,0.875,S
PHI,2023-12-15,W,241,124,41,98,0.418,14,37,0.378,28,31,0.903,S
SAS,2023-12-15,W,241,129,47,95,0.495,18,42,0.429,17,19,0.895,S
ATL,2023-12-15,W,239,125,52,101,0.515,16,41,0.39,5,6,0.833,S
TOR,2023-12-15,L,240,104,40,77,0.519,10,31,0.323,14,25,0.56,S
CHA,2023-12-15,L,240,107,41,92,0.446,9,31,0.29,16,21,0.762,S
PHX,2023-12-15,L,242,122,47,90,0.522,11,28,0.393,17,21,0.81,S
BOS,2023-12-15,W,240,128,48,92,0.522,18,42,0.429,14,20,0.7,S
WAS,2023-12-15,W,240,137,52,92,0.565,13,27,0.481,20,26,0.769,S
NOP,2023-12-15,W,240,112,38,80,0.475,9,27,0.333,27,32,0.844,S
IND,2023-12-15,L,240,123,48,107,0.449,15,40,0.375,12,16,0.75,S
LAL,2023-12-15,L,239,115,43,89,0.483,11,36,0.306,18,28,0.643,S
DET,2023-12-15,L,240,92,35,81,0.432,4,21,0.19,18,23,0.783,N
ORL,2023-12-15,L,238,111,42,87,0.483,14,35,0.4,13,18,0.722,S
NYK,2023-12-15,W,238,139,49,82,0.598,17,29,0.586,24,28,0.857,S
MEM,2023-12-15,L,240,96,37,92,0.402,11,40,0.275,11,15,0.733,N
MIA,2023-12-14,L,240,116,37,80,0.463,15,34,0.441,27,35,0.771,S
DAL,2023-12-14,L,240,101,39,83,0.47,7,32,0.219,16,18,0.889,S
BOS,2023-12-14,W,240,116,43,85,0.506,13,36,0.361,17,20,0.85,S
SAC,2023-12-14,W,240,128,47,95,0.495,18,45,0.4,16,21,0.762,S
DEN,2023-12-14,W,238,124,47,99,0.475,12,36,0.333,18,21,0.857,S
CLE,2023-12-14,L,240,107,40,83,0.482,11,33,0.333,16,17,0.941,S
CHI,2023-12-14,W,240,124,45,93,0.484,14,36,0.389,20,30,0.667,S
GSW,2023-12-14,L,241,113,40,92,0.435,16,45,0.356,17,19,0.895,S
MIN,2023-12-14,W,241,119,44,88,0.5,14,31,0.452,17,25,0.68,S
POR,2023-12-14,L,240,114,43,103,0.417,16,45,0.356,12,18,0.667,S
LAC,2023-12-14,W,238,121,41,81,0.506,13,32,0.406,26,30,0.867,S
UTA,2023-12-14,W,239,122,49,92,0.533,11,33,0.333,13,14,0.929,S
BKN,2023-12-14,L,240,101,39,95,0.411,8,30,0.267,15,20,0.75,S
OKC,2023-12-14,L,240,123,44,102,0.431,11,36,0.306,24,27,0.889,S
UTA,2023-12-13,W,240,117,43,98,0.439,16,42,0.381,15,21,0.714,S
BKN,2023-12-13,W,239,116,41,89,0.461,15,41,0.366,19,24,0.792,S
PHI,2023-12-13,W,239,129,45,87,0.517,11,30,0.367,28,34,0.824,S
MIA,2023-12-13,W,239,115,41,86,0.477,15,30,0.5,18,19,0.947,S
DET,2023-12-13,L,239,111,39,88,0.443,10,33,0.303,23,30,0.767,S
MEM,2023-12-13,L,240,104,35,82,0.427,10,38,0.263,24,34,0.706,S
CHA,2023-12-13,L,240,104,41,77,0.532,12,31,0.387,10,11,0.909,S
SAS,2023-12-13,L,239,119,45,96,0.469,16,37,0.432,13,18,0.722,S
IND,2023-12-13,L,241,126,45,100,0.45,11,36,0.306,25,32,0.781,S
PHX,2023-12-13,L,240,112,40,84,0.476,9,28,0.321,23,27,0.852,S
TOR,2023-12-13,W,240,135,50,87,0.575,18,34,0.529,17,24,0.708,S
ATL,2023-12-13,L,240,128,48,100,0.48,18,41,0.439,14,19,0.737,S
NOP,2023-12-13,W,241,142,50,96,0.521,16,34,0.471,26,30,0.867,S
MIL,2023-12-13,W,240,140,48,89,0.539,7,27,0.259,37,48,0.771,S
NYK,2023-12-13,L,239,113,41,94,0.436,9,39,0.231,22,32,0.688,S
WAS,2023-12-13,L,241,122,42,82,0.512,19,44,0.432,19,24,0.792,S
LAL,2023-12-13,W,239,122,49,91,0.538,14,35,0.4,10,17,0.588,S
HOU,2023-12-13,W,238,117,39,86,0.453,12,32,0.375,27,37,0.73,S
LAC,2023-12-12,W,240,119,44,84,0.524,11,29,0.379,20,21,0.952,S
DEN,2023-12-12,W,242,114,39,83,0.47,14,30,0.467,22,32,0.688,S
GSW,2023-12-12,L,241,116,41,92,0.446,16,46,0.348,18,27,0.667,S
DAL,2023-12-12,W,239,127,44,89,0.494,21,43,0.488,18,21,0.857,S
SAC,2023-12-12,L,241,99,36,86,0.419,10,37,0.27,17,24,0.708,N
LAL,2023-12-12,L,241,125,49,91,0.538,15,29,0.517,12,18,0.667,S
CLE,2023-12-12,L,241,113,44,92,0.478,19,45,0.422,6,9,0.667,S
CHI,2023-12-12,L,241,106,36,86,0.419,13,40,0.325,21,23,0.913,S
PHX,2023-12-12,W,240,119,38,84,0.452,14,39,0.359,29,34,0.853,S
BOS,2023-12-12,W,241,120,38,84,0.452,18,44,0.409,26,26,1.0,S
NYK,2023-12-11,W,240,136,52,86,0.605,17,29,0.586,15,23,0.652,S
PHI,2023-12-11,W,241,146,52,95,0.547,20,46,0.435,22,25,0.88,S
WAS,2023-12-11,L,239,101,36,85,0.424,9,31,0.29,20,31,0.645,S
SAC,2023-12-11,W,241,131,48,94,0.511,25,45,0.556,10,14,0.714,S
MIN,2023-12-11,L,240,107,40,91,0.44,13,36,0.361,14,19,0.737,S
BKN,2023-12-11,L,241,118,42,88,0.477,14,29,0.483,20,21,0.952,S
DET,2023-12-11,L,240,123,45,81,0.556,10,29,0.345,23,30,0.767,S
MIL,2023-12-11,W,266,133,44,86,0.512,15,37,0.405,30,37,0.811,S
NOP,2023-12-11,W,240,121,40,82,0.488,10,27,0.37,31,40,0.775,S
TOR,2023-12-11,L,240,130,47,96,0.49,14,39,0.359,22,30,0.733,S
MIA,2023-12-11,W,239,116,37,77,0.481,15,35,0.429,27,34,0.794,S
LAC,2023-12-11,W,239,132,49,89,0.551,13,34,0.382,21,22,0.955,S
SAS,2023-12-11,L,240,82,31,87,0.356,5,41,0.122,15,22,0.682,N
CHI,2023-12-11,L,264,129,47,114,0.412,15,34,0.441,20,25,0.8,S
IND,2023-12-11,W,240,131,52,92,0.565,13,31,0.419,14,19,0.737,S
OKC,2023-12-11,W,241,134,50,96,0.521,18,38,0.474,16,17,0.941,S
POR,2023-12-11,L,241,127,43,90,0.478,19,40,0.475,22,26,0.846,S
CHA,2023-12-11,L,240,114,40,84,0.476,17,41,0.415,17,22,0.773,S
MEM,2023-12-11,L,241,113,41,89,0.461,18,44,0.409,13,16,0.813,S
DAL,2023-12-11,W,239,120,43,86,0.5,17,40,0.425,17,19,0.895,S
UTA,2023-12-11,L,240,120,44,92,0.478,12,38,0.316,20,21,0.952,S
DEN,2023-12-11,W,240,129,47,88,0.534,12,29,0.414,23,29,0.793,S
HOU,2023-12-11,W,239,93,32,93,0.344,12,39,0.308,17,20,0.85,N
CLE,2023-12-11,L,240,94,30,85,0.353,9,40,0.225,25,33,0.758,N
ORL,2023-12-11,W,240,104,39,84,0.464,7,26,0.269,19,25,0.76,S
ATL,2023-12-11,L,240,122,44,96,0.458,17,44,0.386,17,18,0.944,S
ORL,2023-12-08,W,240,123,49,89,0.551,10,26,0.385,15,19,0.789,S
TOR,2023-12-08,L,239,116,47,93,0.505,6,32,0.188,16,21,0.762,S
NYK,2023-12-08,L,240,123,44,88,0.5,15,37,0.405,20,27,0.741,S
DET,2023-12-08,L,241,91,34,81,0.42,6,30,0.2,17,24,0.708,N
BOS,2023-12-08,W,240,133,48,91,0.527,19,47,0.404,18,21,0.857,S
PHX,2023-12-08,L,241,106,40,83,0.482,11,32,0.344,15,23,0.652,S
CHI,2023-12-08,W,240,121,47,102,0.461,13,28,0.464,14,24,0.583,S
DAL,2023-12-08,W,240,125,47,91,0.516,12,39,0.308,19,22,0.864,S
POR,2023-12-08,L,240,112,39,105,0.371,18,53,0.34,16,18,0.889,S
DEN,2023-12-08,L,240,106,38,90,0.422,10,28,0.357,20,27,0.741,S
UTA,2023-12-08,L,240,103,38,84,0.452,9,31,0.29,18,24,0.75,S
MEM,2023-12-08,L,240,103,37,86,0.43,15,35,0.429,14,19,0.737,S
WAS,2023-12-08,L,241,97,38,91,0.418,6,33,0.182,15,21,0.714,N
HOU,2023-12-08,W,240,114,35,82,0.427,13,39,0.333,31,42,0.738,S
OKC,2023-12-08,W,265,138,51,98,0.52,5,29,0.172,31,36,0.861,S
SAC,2023-12-08,W,240,114,42,92,0.457,14,39,0.359,16,20,0.8,S
LAC,2023-12-08,W,240,117,43,88,0.489,15,34,0.441,16,21,0.762,S
PHI,2023-12-08,W,241,125,42,87,0.483,11,30,0.367,30,37,0.811,S
CLE,2023-12-08,W,240,111,40,87,0.46,14,38,0.368,17,26,0.654,S
MIN,2023-12-08,W,239,127,44,88,0.5,15,38,0.395,24,26,0.923,S
CHA,2023-12-08,W,240,119,44,79,0.557,13,25,0.52,18,20,0.9,S
MIA,2023-12-08,L,239,99,37,86,0.43,15,42,0.357,10,15,0.667,N
BKN,2023-12-08,W,239,124,50,104,0.481,10,33,0.303,14,18,0.778,S
SAS,2023-12-08,L,240,112,39,83,0.47,17,42,0.405,17,20,0.85,S
ATL,2023-12-08,L,241,114,41,104,0.394,13,39,0.333,19,21,0.905,S
GSW,2023-12-08,L,266,136,49,104,0.471,19,48,0.396,19,23,0.826,S
IND,2023-12-07,W,240,128,50,102,0.49,7,33,0.212,21,25,0.84,S
MIL,2023-12-07,L,240,119,43,96,0.448,12,33,0.364,21,28,0.75,S
LAL,2023-12-07,W,238,133,47,86,0.547,17,35,0.486,22,29,0.759,S
NOP,2023-12-07,L,238,89,34,95,0.358,7,31,0.226,14,20,0.7,N
DET,2023-12-06,L,240,102,41,91,0.451,11,35,0.314,9,9,1.0,S
OKC,2023-12-06,L,241,101,37,87,0.425,8,29,0.276,19,24,0.792,S
UTA,2023-12-06,L,240,97,35,87,0.402,12,33,0.364,15,18,0.833,N
PHI,2023-12-06,W,240,131,47,92,0.511,8,27,0.296,29,34,0.853,S
ATL,2023-12-06,L,240,113,42,94,0.447,12,35,0.343,17,18,0.944,S
GSW,2023-12-06,W,239,110,36,86,0.419,10,34,0.294,28,33,0.848,S
MIN,2023-12-06,W,240,102,36,87,0.414,12,40,0.3,18,21,0.857,S
CHI,2023-12-06,W,241,111,38,90,0.422,12,25,0.48,23,29,0.793,S
CHA,2023-12-06,L,241,100,39,90,0.433,10,37,0.27,12,12,1.0,N
MIA,2023-12-06,W,239,112,41,89,0.461,14,38,0.368,16,19,0.842,S
POR,2023-12-06,L,241,106,39,95,0.411,16,46,0.348,12,16,0.75,S
DAL,2023-12-06,W,241,147,56,101,0.554,22,49,0.449,13,19,0.684,S
BKN,2023-12-06,W,240,114,43,94,0.457,11,27,0.407,17,24,0.708,S
MEM,2023-12-06,W,240,116,47,91,0.516,11,26,0.423,11,14,0.786,S
DEN,2023-12-06,L,240,102,41,98,0.418,12,31,0.387,8,9,0.889,S
CLE,2023-12-06,W,241,121,46,86,0.535,14,34,0.412,15,20,0.75,S
HOU,2023-12-06,W,239,110,40,83,0.482,15,33,0.455,15,22,0.682,S
SAS,2023-12-06,L,239,94,38,101,0.376,8,36,0.222,10,15,0.667,N
LAC,2023-12-06,W,241,111,40,87,0.46,12,27,0.444,19,25,0.76,S
TOR,2023-12-06,L,240,103,37,86,0.43,14,37,0.378,15,17,0.882,S
ORL,2023-12-06,L,240,111,41,84,0.488,2,23,0.087,27,37,0.73,S
WAS,2023-12-06,L,241,126,52,92,0.565,14,35,0.4,8,8,1.0,S
MIL,2023-12-05,W,239,146,55,91,0.604,23,38,0.605,13,19,0.684,S
PHX,2023-12-05,L,241,103,37,75,0.493,12,25,0.48,17,21,0.81,S
NYK,2023-12-05,L,238,122,43,87,0.494,7,23,0.304,29,33,0.879,S
LAL,2023-12-05,W,240,106,38,102,0.373,9,30,0.3,21,25,0.84,S
IND,2023-12-04,W,240,122,43,94,0.457,19,40,0.475,17,21,0.81,S
BOS,2023-12-04,L,239,112,46,97,0.474,12,41,0.293,8,12,0.667,S
SAC,2023-12-04,L,239,117,38,85,0.447,14,41,0.341,27,33,0.818,S
NOP,2023-12-04,W,240,127,47,87,0.54,14,31,0.452,19,23,0.826,S
CLE,2023-12-02,W,240,110,44,89,0.494,10,30,0.333,12,18,0.667,S
PHX,2023-12-02,W,240,116,36,83,0.434,9,26,0.346,35,43,0.814,S
LAC,2023-12-02,W,241,113,44,90,0.489,13,39,0.333,12,14,0.857,S
DET,2023-12-02,L,239,101,39,83,0.47,8,30,0.267,15,23,0.652,S
LAL,2023-12-02,W,239,107,40,89,0.449,8,27,0.296,19,27,0.704,S
ATL,2023-12-02,L,239,121,45,101,0.446,15,38,0.395,16,21,0.762,S
HOU,2023-12-02,L,240,97,36,89,0.404,11,31,0.355,14,18,0.778,N
GSW,2023-12-02,L,241,112,38,86,0.442,17,43,0.395,19,24,0.792,S
UTA,2023-12-02,W,265,118,46,94,0.489,7,34,0.206,19,24,0.792,S
DEN,2023-12-02,L,240,117,49,99,0.495,6,25,0.24,13,20,0.65,S
CHI,2023-12-02,W,241,124,48,88,0.545,17,40,0.425,11,15,0.733,S
SAC,2023-12-02,W,239,123,48,99,0.485,16,34,0.471,11,15,0.733,S
NOP,2023-12-02,L,242,118,41,82,0.5,8,25,0.32,28,35,0.8,S
BKN,2023-12-02,W,240,129,46,91,0.505,14,34,0.412,23,31,0.742,S
POR,2023-12-02,L,265,113,38,95,0.4,13,40,0.325,24,27,0.889,S
IND,2023-12-02,W,239,144,56,85,0.659,16,32,0.5,16,20,0.8,S
ORL,2023-12-02,L,238,101,35,88,0.398,9,29,0.31,22,27,0.815,S
MIN,2023-12-02,W,241,123,43,84,0.512,11,31,0.355,26,30,0.867,S
MIA,2023-12-02,L,240,129,48,89,0.539,12,25,0.48,21,24,0.875,S
MIL,2023-12-02,W,240,132,53,89,0.596,14,33,0.424,12,15,0.8,S
OKC,2023-12-02,W,241,126,44,100,0.44,20,44,0.455,18,22,0.818,S
DAL,2023-12-02,L,241,120,39,87,0.448,19,52,0.365,23,35,0.657,S
MEM,2023-12-02,L,239,109,39,86,0.453,9,31,0.29,22,24,0.917,S
CHA,2023-12-02,L,239,117,44,91,0.484,12,25,0.48,17,19,0.895,S
DAL,2023-12-01,L,240,94,34,92,0.37,12,39,0.308,14,21,0.667,N
MEM,2023-12-01,W,240,108,44,90,0.489,11,34,0.324,9,11,0.818,S
NOP,2023-12-01,W,241,121,42,85,0.494,10,31,0.323,27,29,0.931,S
WAS,2023-12-01,L,240,125,45,89,0.506,13,28,0.464,22,31,0.71,S
PHX,2023-12-01,L,240,111,39,84,0.464,9,27,0.333,24,26,0.923,S
DEN,2023-12-01,W,239,119,50,88,0.568,12,32,0.375,7,12,0.583,S
TOR,2023-12-01,L,240,106,44,100,0.44,6,32,0.188,12,17,0.706,S
BOS,2023-12-01,W,239,125,39,77,0.506,16,33,0.485,31,36,0.861,S
SAS,2023-12-01,L,240,106,38,83,0.458,16,39,0.41,14,17,0.824,S
NYK,2023-12-01,W,240,119,45,90,0.5,16,36,0.444,13,16,0.813,S
ORL,2023-12-01,W,240,130,46,89,0.517,12,31,0.387,26,33,0.788,S
PHI,2023-12-01,L,241,119,43,94,0.457,16,35,0.457,17,23,0.739,S
DET,2023-11-30,L,240,112,43,81,0.531,15,35,0.429,11,17,0.647,S
MIL,2023-11-30,L,266,113,44,98,0.449,16,48,0.333,9,13,0.692,S
MIA,2023-11-30,W,239,142,48,86,0.558,8,21,0.381,38,45,0.844,S
CHI,2023-11-30,W,265,120,45,98,0.459,13,37,0.351,17,22,0.773,S
IND,2023-11-30,L,240,132,50,98,0.51,11,43,0.256,21,32,0.656,S
LAL,2023-11-30,L,240,110,36,81,0.444,11,33,0.333,27,32,0.844,S
SAS,2023-11-30,L,239,135,48,89,0.539,18,41,0.439,21,23,0.913,S
GSW,2023-11-30,W,240,120,41,82,0.5,15,39,0.385,23,31,0.742,S
OKC,2023-11-30,W,240,133,50,94,0.532,14,42,0.333,19,22,0.864,S
CLE,2023-11-30,L,241,95,38,89,0.427,7,32,0.219,12,12,1.0,N
MIN,2023-11-30,W,239,101,39,89,0.438,13,35,0.371,10,13,0.769,S
ATL,2023-11-30,W,241,137,49,96,0.51,14,33,0.424,25,29,0.862,S
CHA,2023-11-30,W,240,129,46,91,0.505,21,36,0.583,16,16,1.0,S
LAC,2023-11-30,L,241,114,42,95,0.442,12,32,0.375,18,24,0.75,S
BKN,2023-11-30,L,239,128,52,105,0.495,14,36,0.389,10,15,0.667,S
NYK,2023-11-30,W,240,118,41,88,0.466,16,41,0.39,20,28,0.714,S
POR,2023-11-30,W,240,103,39,77,0.506,14,35,0.4,11,11,1.0,S
UTA,2023-11-30,L,240,90,33,87,0.379,11,34,0.324,13,14,0.929,N
ORL,2023-11-29,W,241,139,51,84,0.607,17,27,0.63,20,24,0.833,S
NOP,2023-11-29,W,240,124,42,78,0.538,10,30,0.333,30,34,0.882,S
MEM,2023-11-29,W,241,105,43,87,0.494,13,39,0.333,6,8,0.75,S
LAC,2023-11-29,W,239,131,50,93,0.538,14,28,0.5,17,22,0.773,S
DEN,2023-11-29,W,240,134,48,95,0.505,19,43,0.442,19,26,0.731,S
PHI,2023-11-29,L,239,114,42,81,0.519,14,34,0.412,16,18,0.889,S
WAS,2023-11-29,L,241,120,41,87,0.471,11,29,0.379,27,35,0.771,S
UTA,2023-11-29,L,239,91,34,90,0.378,16,39,0.41,7,12,0.583,N
TOR,2023-11-29,W,241,112,42,93,0.452,10,27,0.37,18,21,0.857,S
DET,2023-11-29,L,240,107,40,97,0.412,15,36,0.417,12,14,0.857,S
SAC,2023-11-29,L,240,117,40,86,0.465,13,41,0.317,24,28,0.857,S
LAL,2023-11-29,W,240,133,45,88,0.511,12,34,0.353,31,38,0.816,S
HOU,2023-11-29,L,241,124,47,86,0.547,16,41,0.39,14,19,0.737,S
PHX,2023-11-29,L,242,105,38,94,0.404,7,26,0.269,22,23,0.957,S
MIL,2023-11-28,W,240,131,47,88,0.534,13,35,0.371,24,27,0.889,S
NYK,2023-11-28,W,241,115,41,88,0.466,15,38,0.395,18,20,0.9,S
GSW,2023-11-28,L,241,123,40,83,0.482,17,41,0.415,26,30,0.867,S
DAL,2023-11-28,W,241,121,42,89,0.472,12,34,0.353,25,29,0.862,S
ATL,2023-11-28,L,239,105,35,101,0.347,13,44,0.295,22,24,0.917,S
MIA,2023-11-28,L,240,124,48,94,0.511,14,30,0.467,14,21,0.667,S
MIN,2023-11-28,W,240,106,33,78,0.423,14,33,0.424,26,32,0.813,S
CHI,2023-11-28,L,241,97,39,90,0.433,9,28,0.321,10,18,0.556,N
BKN,2023-11-28,W,241,115,40,89,0.449,13,38,0.342,22,26,0.846,S
SAC,2023-11-28,W,240,124,41,91,0.451,15,44,0.341,27,42,0.643,S
CLE,2023-11-28,W,240,128,50,93,0.538,13,36,0.361,15,17,0.882,S
BOS,2023-11-28,W,241,124,47,90,0.522,21,49,0.429,9,12,0.75,S
OKC,2023-11-28,L,240,103,37,90,0.411,11,30,0.367,18,23,0.783,S
CHA,2023-11-28,L,241,91,37,89,0.416,13,31,0.419,4,7,0.571,N
HOU,2023-11-28,L,241,115,42,85,0.494,8,29,0.276,23,29,0.793,S
TOR,2023-11-28,L,241,103,39,101,0.386,13,36,0.361,12,19,0.632,S
LAL,2023-11-27,L,240,94,39,83,0.47,7,28,0.25,9,13,0.692,N
WAS,2023-11-27,W,240,126,45,89,0.506,10,29,0.345,26,28,0.929,S
DET,2023-11-27,L,240,107,43,102,0.422,8,38,0.211,13,19,0.684,S
LAC,2023-11-27,L,240,104,35,85,0.412,6,20,0.3,28,34,0.824,S
NOP,2023-11-27,L,240,112,44,88,0.5,7,22,0.318,17,25,0.68,S
UTA,2023-11-27,W,240,114,37,88,0.42,17,48,0.354,23,28,0.821,S
DEN,2023-11-27,W,242,113,44,92,0.478,10,22,0.455,15,28,0.536,S
POR,2023-11-27,W,240,114,40,85,0.471,9,18,0.5,25,31,0.806,S
IND,2023-11-27,L,240,110,42,88,0.477,8,33,0.242,18,24,0.75,S
PHI,2023-11-27,W,238,138,47,93,0.505,22,46,0.478,22,26,0.846,S
PHX,2023-11-26,W,241,116,42,91,0.462,16,38,0.421,16,21,0.762,S
BKN,2023-11-26,W,239,118,41,83,0.494,25,53,0.472,11,15,0.733,S
CLE,2023-11-26,W,239,105,45,97,0.464,10,31,0.323,5,6,0.833,S
POR,2023-11-26,L,240,102,37,91,0.407,13,32,0.406,15,20,0.75,S
MIL,2023-11-26,W,240,108,35,89,0.393,14,42,0.333,24,32,0.75,S
CHA,2023-11-26,L,241,117,44,83,0.53,13,30,0.433,16,25,0.64,S
MIN,2023-11-26,W,239,119,43,81,0.531,15,34,0.441,18,23,0.783,S
ATL,2023-11-26,L,240,103,36,88,0.409,19,53,0.358,12,19,0.632,S
NYK,2023-11-26,L,240,113,39,86,0.453,12,29,0.414,23,32,0.719,S
MEM,2023-11-26,L,239,97,34,88,0.386,10,37,0.27,19,27,0.704,N
SAS,2023-11-26,L,241,120,42,93,0.452,14,37,0.378,22,26,0.846,S
BOS,2023-11-26,W,239,113,42,95,0.442,13,47,0.277,16,20,0.8,S
ORL,2023-11-26,W,240,130,47,87,0.54,10,27,0.37,26,33,0.788,S
TOR,2023-11-26,L,240,102,37,89,0.416,8,32,0.25,20,29,0.69,S
DEN,2023-11-26,W,241,132,50,89,0.562,12,28,0.429,20,25,0.8,S
CHI,2023-11-26,L,240,109,40,83,0.482,12,32,0.375,17,22,0.773,S
PHI,2023-11-25,W,239,127,38,83,0.458,14,41,0.341,37,45,0.822,S
ATL,2023-11-25,W,239,136,52,102,0.51,18,37,0.486,14,20,0.7,S
LAC,2023-11-25,W,241,107,38,88,0.432,8,29,0.276,23,31,0.742,S
OKC,2023-11-25,L,242,123,43,98,0.439,16,43,0.372,21,26,0.808,S
MIA,2023-11-25,L,240,97,38,87,0.437,11,34,0.324,10,13,0.769,N
NOP,2023-11-25,L,240,100,39,93,0.419,11,36,0.306,11,18,0.611,N
WAS,2023-11-25,L,241,108,43,88,0.489,10,38,0.263,12,12,1.0,S
UTA,2023-11-25,W,239,105,38,87,0.437,15,43,0.349,14,17,0.824,S
BKN,2023-11-25,W,240,112,39,78,0.5,14,36,0.389,20,23,0.87,S
DAL,2023-11-25,L,239,88,34,91,0.374,9,38,0.237,11,14,0.786,N
LAL,2023-11-25,W,241,121,47,90,0.522,9,27,0.333,18,21,0.857,S
CLE,2023-11-25,L,241,115,43,91,0.473,9,28,0.321,20,23,0.87,S
NOP,2023-11-24,W,240,116,43,88,0.489,10,24,0.417,20,27,0.741,S
MIA,2023-11-24,L,240,98,34,87,0.391,10,37,0.27,20,21,0.952,N
MEM,2023-11-24,L,243,89,37,80,0.463,9,33,0.273,6,10,0.6,N
LAC,2023-11-24,L,241,106,42,92,0.457,11,37,0.297,11,17,0.647,S
BOS,2023-11-24,L,240,96,31,76,0.408,7,29,0.241,27,37,0.73,N
IND,2023-11-24,W,240,136,49,102,0.48,16,38,0.421,22,24,0.917,S
SAC,2023-11-24,W,239,124,49,100,0.49,17,35,0.486,9,11,0.818,S
WAS,2023-11-24,L,240,128,48,100,0.48,15,37,0.405,17,21,0.81,S
TOR,2023-11-24,W,241,121,44,83,0.53,13,39,0.333,20,27,0.741,S
ORL,2023-11-24,W,241,113,43,85,0.506,11,28,0.393,16,22,0.727,S
DET,2023-11-24,L,240,113,43,90,0.478,7,18,0.389,20,24,0.833,S
DEN,2023-11-24,L,240,86,32,94,0.34,7,30,0.233,15,21,0.714,N
CHI,2023-11-24,L,240,108,42,82,0.512,12,27,0.444,12,19,0.632,S
HOU,2023-11-24,W,241,105,40,82,0.488,12,29,0.414,13,15,0.867,S
GSW,2023-11-24,W,241,118,40,81,0.494,19,42,0.452,19,24,0.792,S
PHX,2023-11-24,W,240,110,39,76,0.513,11,31,0.355,21,28,0.75,S
MIL,2023-11-24,W,241,131,48,92,0.522,9,31,0.29,26,33,0.788,S
SAS,2023-11-24,L,240,112,45,100,0.45,12,47,0.255,10,12,0.833,S
MIN,2023-11-24,L,240,111,36,82,0.439,12,33,0.364,27,29,0.931,S
NYK,2023-11-24,W,240,100,39,81,0.481,10,29,0.345,12,18,0.667,N
PHI,2023-11-22,L,241,99,34,87,0.391,7,32,0.219,24,30,0.8,N
POR,2023-11-22,W,241,121,47,92,0.511,17,39,0.436,10,15,0.667,S
IND,2023-11-22,L,239,131,50,91,0.549,18,39,0.462,13,16,0.813,S
UTA,2023-11-22,L,240,105,37,79,0.468,10,31,0.323,21,26,0.808,S
HOU,2023-11-22,W,240,111,40,92,0.435,14,43,0.326,17,20,0.85,S
MEM,2023-11-22,L,239,91,27,82,0.329,7,32,0.219,30,35,0.857,N
CHI,2023-11-22,L,241,102,34,88,0.386,17,44,0.386,17,17,1.0,S
GSW,2023-11-22,L,240,115,43,90,0.478,10,32,0.313,19,29,0.655,S
BKN,2023-11-22,L,265,145,55,113,0.487,15,35,0.429,20,24,0.833,S
DAL,2023-11-22,W,240,104,38,96,0.396,16,50,0.32,12,16,0.75,S
MIL,2023-11-22,L,242,116,45,101,0.446,13,34,0.382,13,17,0.765,S
WAS,2023-11-22,L,239,114,44,97,0.454,11,32,0.344,15,18,0.833,S
DEN,2023-11-22,L,240,119,44,93,0.473,15,35,0.429,16,21,0.762,S
MIA,2023-11-22,W,240,129,46,88,0.523,20,35,0.571,17,21,0.81,S
CLE,2023-11-22,L,240,96,36,77,0.468,14,30,0.467,10,14,0.714,N
LAC,2023-11-22,W,241,109,39,85,0.459,9,28,0.321,22,29,0.759,S
SAC,2023-11-22,L,242,112,34,76,0.447,15,44,0.341,29,35,0.829,S
MIN,2023-11-22,W,241,112,43,89,0.483,10,26,0.385,16,24,0.667,S
ATL,2023-11-22,W,264,147,51,116,0.44,18,49,0.367,27,29,0.931,S
NOP,2023-11-22,W,241,117,41,87,0.471,7,30,0.233,28,37,0.757,S
ORL,2023-11-22,W,240,124,44,81,0.543,10,29,0.345,26,30,0.867,S
BOS,2023-11-22,W,240,119,44,84,0.524,17,42,0.405,14,17,0.824,S
PHX,2023-11-22,W,241,123,34,76,0.447,11,28,0.393,44,52,0.846,S
SAS,2023-11-22,L,241,102,35,91,0.385,11,38,0.289,21,23,0.913,S
CHA,2023-11-22,W,240,117,43,91,0.473,16,37,0.432,15,21,0.714,S
LAL,2023-11-22,L,239,101,39,84,0.464,11,29,0.379,12,19,0.632,S
TOR,2023-11-22,W,240,132,48,90,0.533,11,27,0.407,25,30,0.833,S
OKC,2023-11-22,W,241,116,37,75,0.493,11,29,0.379,31,38,0.816,S
PHI,2023-11-21,L,265,119,40,96,0.417,11,35,0.314,28,34,0.824,S
PHX,2023-11-21,W,239,120,43,76,0.566,7,17,0.412,27,28,0.964,S
TOR,2023-11-21,L,241,107,38,75,0.507,14,28,0.5,17,22,0.773,S
LAL,2023-11-21,W,240,131,49,86,0.57,11,29,0.379,22,27,0.815,S
ORL,2023-11-21,W,240,126,50,100,0.5,12,31,0.387,14,20,0.7,S
CLE,2023-11-21,W,265,122,46,94,0.489,9,25,0.36,21,25,0.84,S
POR,2023-11-21,L,241,107,38,87,0.437,14,31,0.452,17,20,0.85,S
UTA,2023-11-21,L,240,99,38,98,0.388,11,44,0.25,12,16,0.75,N
ATL,2023-11-21,L,240,152,57,95,0.6,15,31,0.484,23,28,0.821,S
IND,2023-11-21,W,240,157,57,94,0.606,22,45,0.489,21,28,0.75,S
CHI,2023-11-20,L,239,100,37,81,0.457,11,37,0.297,15,16,0.938,N
SAC,2023-11-20,L,240,93,33,87,0.379,11,45,0.244,16,24,0.667,N
LAC,2023-11-20,W,239,124,45,95,0.474,12,36,0.333,22,25,0.88,S
GSW,2023-11-20,W,240,121,36,77,0.468,21,43,0.488,28,33,0.848,S
HOU,2023-11-20,L,239,116,44,95,0.463,13,41,0.317,15,19,0.789,S
DEN,2023-11-20,W,239,107,40,87,0.46,11,28,0.393,16,21,0.762,S
NOP,2023-11-20,W,240,129,50,92,0.543,12,28,0.429,17,21,0.81,S
DET,2023-11-20,L,240,103,36,81,0.444,7,21,0.333,24,26,0.923,S
CHA,2023-11-20,W,265,121,46,104,0.442,13,39,0.333,16,17,0.941,S
NYK,2023-11-20,L,240,100,32,92,0.348,9,38,0.237,27,34,0.794,N
BOS,2023-11-20,L,264,118,42,97,0.433,16,50,0.32,18,28,0.643,S
WAS,2023-11-20,L,238,129,55,99,0.556,10,29,0.345,9,11,0.818,S
MIL,2023-11-20,W,238,142,55,94,0.585,11,29,0.379,21,28,0.75,S
MIN,2023-11-20,W,240,117,41,80,0.513,11,34,0.324,24,32,0.75,S
MIA,2023-11-20,W,239,118,42,84,0.5,17,35,0.486,17,20,0.85,S
SAS,2023-11-20,L,242,99,39,90,0.433,10,38,0.263,11,14,0.786,N
CLE,2023-11-19,W,240,121,45,82,0.549,11,27,0.407,20,26,0.769,S
DAL,2023-11-19,L,239,113,41,88,0.466,12,34,0.353,19,26,0.731,S
DET,2023-11-19,L,239,113,39,83,0.47,9,26,0.346,26,35,0.743,S
IND,2023-11-19,L,240,116,42,95,0.442,8,31,0.258,24,31,0.774,S
LAL,2023-11-19,W,240,105,39,83,0.47,6,29,0.207,21,29,0.724,S
ORL,2023-11-19,W,241,128,43,87,0.494,7,20,0.35,35,42,0.833,S
BOS,2023-11-19,W,241,102,35,77,0.455,12,31,0.387,20,25,0.8,S
SAC,2023-11-19,W,241,129,48,90,0.533,17,40,0.425,16,21,0.762,S
PHI,2023-11-19,W,239,121,44,94,0.468,16,35,0.457,17,18,0.944,S
DEN,2023-11-19,L,240,109,39,82,0.476,14,29,0.483,17,23,0.739,S
BKN,2023-11-19,L,240,99,38,81,0.469,11,28,0.393,12,16,0.75,N
PHX,2023-11-19,W,290,140,50,102,0.49,18,45,0.4,22,26,0.846,S
TOR,2023-11-19,W,240,142,55,102,0.539,14,36,0.389,18,29,0.621,S
POR,2023-11-19,L,238,91,34,85,0.4,9,34,0.265,14,21,0.667,N
HOU,2023-11-19,L,241,104,41,84,0.488,14,37,0.378,8,10,0.8,S
UTA,2023-11-19,L,290,137,48,115,0.417,15,46,0.326,26,32,0.813,S
OKC,2023-11-19,W,242,134,49,81,0.605,22,36,0.611,14,14,1.0,S
MEM,2023-11-19,L,239,100,37,95,0.389,17,44,0.386,9,10,0.9,N
MIN,2023-11-18,W,239,121,43,80,0.538,13,31,0.419,22,27,0.815,S
NYK,2023-11-18,W,240,122,46,91,0.505,16,37,0.432,14,19,0.737,S
SAS,2023-11-18,L,239,108,36,83,0.434,15,40,0.375,21,26,0.808,S
OKC,2023-11-18,W,265,130,52,100,0.52,8,23,0.348,18,20,0.9,S
MEM,2023-11-18,W,240,120,40,86,0.465,11,33,0.333,29,36,0.806,S
NOP,2023-11-18,L,240,120,44,86,0.512,12,29,0.414,20,23,0.87,S
CHI,2023-11-18,W,240,102,36,81,0.444,16,45,0.356,14,19,0.737,S
CHA,2023-11-18,L,241,108,40,82,0.488,17,35,0.486,11,13,0.846,S
DAL,2023-11-18,L,240,125,51,103,0.495,16,47,0.34,7,10,0.7,S
GSW,2023-11-18,L,266,123,44,97,0.454,18,46,0.391,17,21,0.81,S
MIL,2023-11-18,W,241,132,49,94,0.521,17,45,0.378,17,20,0.85,S
MIA,2023-11-18,L,240,97,33,77,0.429,12,36,0.333,19,23,0.826,N
WAS,2023-11-17,L,240,99,37,82,0.451,10,32,0.313,15,16,0.938,N
DET,2023-11-17,L,240,100,39,91,0.429,9,35,0.257,13,15,0.867,N
SAC,2023-11-17,W,241,129,46,85,0.541,18,42,0.429,19,24,0.792,S
MIL,2023-11-17,W,243,130,49,89,0.551,22,45,0.489,10,13,0.769,S
ORL,2023-11-17,W,240,103,38,79,0.481,11,34,0.324,16,23,0.696,S
CLE,2023-11-17,W,242,108,42,82,0.512,9,21,0.429,15,21,0.714,S
NYK,2023-11-17,W,240,120,45,91,0.495,16,38,0.421,14,20,0.7,S
HOU,2023-11-17,L,241,100,38,88,0.432,10,31,0.323,14,20,0.7,N
LAL,2023-11-17,W,241,107,40,81,0.494,12,29,0.414,15,22,0.682,S
CHA,2023-11-17,L,241,99,37,91,0.407,6,26,0.231,19,22,0.864,N
UTA,2023-11-17,L,239,128,43,85,0.506,16,36,0.444,26,31,0.839,S
TOR,2023-11-17,L,239,105,42,87,0.483,12,33,0.364,9,14,0.643,S
SAS,2023-11-17,L,239,120,43,92,0.467,15,36,0.417,19,23,0.826,S
PHI,2023-11-17,W,238,126,43,88,0.489,13,30,0.433,27,28,0.964,S
POR,2023-11-17,L,241,95,36,89,0.404,10,37,0.27,13,18,0.722,N
DEN,2023-11-17,L,240,110,47,96,0.49,10,40,0.25,6,12,0.5,S
NOP,2023-11-17,W,240,115,46,88,0.523,12,23,0.522,11,21,0.524,S
BOS,2023-11-17,W,240,108,42,92,0.457,16,46,0.348,8,9,0.889,S
LAC,2023-11-17,W,239,106,36,83,0.434,13,34,0.382,21,30,0.7,S
ATL,2023-11-17,L,239,116,40,89,0.449,12,33,0.364,24,30,0.8,S
CHI,2023-11-17,L,241,97,35,79,0.443,10,29,0.345,17,22,0.773,N
PHX,2023-11-17,W,240,131,45,86,0.523,18,33,0.545,23,26,0.885,S
GSW,2023-11-16,L,240,109,40,98,0.408,14,41,0.341,15,19,0.789,S
MIA,2023-11-16,W,241,122,42,81,0.519,15,35,0.429,23,24,0.958,S
OKC,2023-11-16,W,240,128,44,87,0.506,19,32,0.594,21,23,0.913,S
BKN,2023-11-16,L,240,115,40,85,0.471,14,36,0.389,21,27,0.778,S
BOS,2023-11-15,W,239,117,42,88,0.477,18,50,0.36,15,19,0.789,S
NYK,2023-11-15,W,241,116,45,94,0.479,16,34,0.471,10,11,0.909,S
ATL,2023-11-15,L,238,114,41,75,0.547,12,31,0.387,20,26,0.769,S
LAL,2023-11-15,L,239,110,42,83,0.506,11,29,0.379,15,19,0.789,S
MIN,2023-11-15,L,242,115,42,92,0.457,5,27,0.185,26,28,0.929,S
CLE,2023-11-15,W,242,109,42,75,0.56,9,30,0.3,16,21,0.762,S
ORL,2023-11-15,W,242,96,32,82,0.39,8,28,0.286,24,30,0.8,N
DAL,2023-11-15,W,241,130,48,92,0.522,17,42,0.405,17,29,0.586,S
POR,2023-11-15,L,242,95,34,91,0.374,13,38,0.342,14,16,0.875,N
WAS,2023-11-15,L,241,117,43,89,0.483,12,36,0.333,19,23,0.826,S
PHX,2023-11-15,W,241,133,51,85,0.6,17,31,0.548,14,15,0.933,S
TOR,2023-11-15,L,241,112,38,96,0.396,9,33,0.273,27,31,0.871,S
SAC,2023-11-15,W,240,125,48,96,0.5,16,44,0.364,13,17,0.765,S
MIL,2023-11-15,W,239,128,44,85,0.518,20,39,0.513,20,21,0.952,S
PHI,2023-11-15,L,240,107,39,85,0.459,11,30,0.367,18,22,0.818,S
CHI,2023-11-15,L,239,94,33,83,0.398,9,33,0.273,19,22,0.864,N
UTA,2023-11-14,W,240,115,44,95,0.463,13,43,0.302,14,15,0.933,S
LAC,2023-11-14,L,238,108,37,86,0.43,13,29,0.448,21,24,0.875,S
OKC,2023-11-14,W,241,123,46,89,0.517,15,39,0.385,16,20,0.8,S
MIA,2023-11-14,W,240,111,40,83,0.482,8,31,0.258,23,28,0.821,S
NOP,2023-11-14,W,241,131,49,94,0.521,14,38,0.368,19,26,0.731,S
SAS,2023-11-14,L,241,87,36,93,0.387,9,30,0.3,6,9,0.667,N
POR,2023-11-14,L,241,99,37,88,0.42,11,35,0.314,14,20,0.7,N
LAL,2023-11-14,W,241,134,47,81,0.58,22,35,0.629,18,24,0.75,S
ATL,2023-11-14,W,240,126,45,87,0.517,12,33,0.364,24,26,0.923,S
BKN,2023-11-14,W,241,124,46,85,0.541,19,39,0.487,13,20,0.65,S
ORL,2023-11-14,L,239,104,36,82,0.439,16,46,0.348,16,21,0.762,S
MEM,2023-11-14,L,239,107,39,106,0.368,20,53,0.377,9,12,0.75,S
DEN,2023-11-14,W,240,111,39,73,0.534,8,23,0.348,25,32,0.781,S
PHI,2023-11-14,L,241,126,43,86,0.5,6,22,0.273,34,35,0.971,S
MIN,2023-11-14,W,239,104,36,81,0.444,14,34,0.412,18,21,0.857,S
CHA,2023-11-14,L,240,105,36,81,0.444,15,32,0.469,18,22,0.818,S
DAL,2023-11-14,L,239,110,38,90,0.422,14,42,0.333,20,26,0.769,S
GSW,2023-11-14,L,242,101,37,88,0.42,13,39,0.333,14,16,0.875,S
IND,2023-11-14,W,240,132,48,93,0.516,13,37,0.351,23,33,0.697,S
DET,2023-11-14,L,240,120,47,90,0.522,10,29,0.345,16,23,0.696,S
SAC,2023-11-13,W,240,132,49,83,0.59,20,42,0.476,14,22,0.636,S
NYK,2023-11-13,L,240,98,33,79,0.418,15,35,0.429,17,24,0.708,N
MIL,2023-11-13,W,240,118,42,89,0.472,15,47,0.319,19,27,0.704,S
BOS,2023-11-13,W,238,114,40,79,0.506,19,43,0.442,15,16,0.938,S
WAS,2023-11-13,L,239,107,43,84,0.512,12,26,0.462,9,12,0.75,S
TOR,2023-11-13,W,241,111,45,90,0.5,4,20,0.2,17,25,0.68,S
CLE,2023-11-13,L,240,120,45,91,0.495,16,35,0.457,14,17,0.824,S
CHI,2023-11-13,L,239,109,38,100,0.38,14,42,0.333,19,21,0.905,S
MEM,2023-11-12,W,240,105,37,88,0.42,13,41,0.317,18,24,0.75,S
OKC,2023-11-12,W,240,111,40,82,0.488,10,27,0.37,21,25,0.84,S
LAL,2023-11-12,W,240,116,41,84,0.488,4,19,0.211,30,37,0.811,S
DEN,2023-11-12,L,241,104,42,91,0.462,9,32,0.281,11,14,0.786,S
LAC,2023-11-12,L,239,101,37,85,0.435,12,34,0.353,15,23,0.652,S
CHA,2023-11-12,L,240,107,44,94,0.468,12,35,0.343,7,11,0.636,S
PHI,2023-11-12,W,240,137,53,105,0.505,14,33,0.424,17,20,0.85,S
WAS,2023-11-12,L,241,94,33,88,0.375,10,41,0.244,18,25,0.72,N
GSW,2023-11-12,L,239,110,37,96,0.385,12,43,0.279,24,28,0.857,S
MIN,2023-11-12,W,240,116,43,82,0.524,9,27,0.333,21,30,0.7,S
IND,2023-11-12,L,241,126,47,90,0.522,16,39,0.41,16,19,0.842,S
PHX,2023-11-12,L,240,99,32,83,0.386,9,29,0.31,26,31,0.839,N
MIA,2023-11-12,W,240,118,39,89,0.438,12,31,0.387,28,30,0.933,S
DET,2023-11-12,L,239,108,38,88,0.432,11,32,0.344,21,26,0.808,S
CHI,2023-11-12,W,240,119,44,91,0.484,11,30,0.367,20,25,0.8,S
NYK,2023-11-12,W,242,129,47,87,0.54,15,36,0.417,20,30,0.667,S
BKN,2023-11-12,W,240,102,37,98,0.378,12,49,0.245,16,20,0.8,S
DAL,2023-11-12,W,241,136,50,102,0.49,20,53,0.377,16,21,0.762,S
HOU,2023-11-12,W,241,107,37,87,0.425,10,32,0.313,23,29,0.793,S
NOP,2023-11-12,L,241,124,47,92,0.511,17,36,0.472,13,22,0.591,S
POR,2023-11-12,L,241,110,45,90,0.5,13,37,0.351,7,9,0.778,S
SAS,2023-11-12,L,238,113,42,91,0.462,19,44,0.432,10,12,0.833,S
GSW,2023-11-11,L,240,110,37,90,0.411,13,38,0.342,23,30,0.767,S
MIA,2023-11-11,W,239,117,41,84,0.488,12,38,0.316,23,25,0.92,S
ATL,2023-11-11,L,240,109,38,87,0.437,18,46,0.391,15,18,0.833,S
CLE,2023-11-11,W,242,118,37,86,0.43,11,30,0.367,33,43,0.767,S
ORL,2023-11-11,W,238,112,36,84,0.429,10,26,0.385,30,35,0.857,S
BOS,2023-11-11,W,242,117,47,86,0.547,15,44,0.341,8,13,0.615,S
MIL,2023-11-11,L,242,97,38,77,0.494,9,29,0.31,12,25,0.48,N
TOR,2023-11-11,L,241,94,35,91,0.385,10,37,0.27,14,16,0.875,N
SAC,2023-11-10,W,241,105,38,91,0.418,13,47,0.277,16,21,0.762,S
UTA,2023-11-10,W,240,127,41,76,0.539,18,37,0.486,27,29,0.931,S
BOS,2023-11-10,W,241,121,41,94,0.436,19,52,0.365,20,28,0.714,S
CHA,2023-11-10,W,241,124,50,110,0.455,6,28,0.214,18,28,0.643,S
SAS,2023-11-10,L,240,110,43,92,0.467,12,34,0.353,12,19,0.632,S
NOP,2023-11-10,L,240,101,34,75,0.453,8,25,0.32,25,34,0.735,S
LAL,2023-11-10,W,240,122,42,84,0.5,12,27,0.444,26,34,0.765,S
DET,2023-11-10,L,241,106,40,86,0.465,8,28,0.286,18,22,0.818,S
MEM,2023-11-10,L,240,121,46,101,0.455,19,48,0.396,10,13,0.769,S
WAS,2023-11-10,L,240,117,43,88,0.489,14,38,0.368,17,20,0.85,S
HOU,2023-11-10,W,240,104,36,88,0.409,10,35,0.286,22,28,0.786,S
PHX,2023-11-10,L,242,119,42,94,0.447,15,37,0.405,20,27,0.741,S
MIN,2023-11-10,W,239,117,43,87,0.494,10,27,0.37,21,27,0.778,S
OKC,2023-11-10,L,240,98,39,87,0.448,7,30,0.233,13,16,0.813,N
PHI,2023-11-10,W,239,114,35,83,0.422,9,28,0.321,35,41,0.854,S
LAC,2023-11-10,L,240,126,43,88,0.489,8,27,0.296,32,36,0.889,S
BKN,2023-11-10,L,239,107,38,85,0.447,15,37,0.405,16,18,0.889,S
DAL,2023-11-10,W,240,144,51,98,0.52,19,42,0.452,23,26,0.885,S
ATL,2023-11-09,W,240,120,41,85,0.482,15,39,0.385,23,30,0.767,S
ORL,2023-11-09,L,240,119,42,90,0.467,10,27,0.37,25,35,0.714,S
IND,2023-11-09,W,239,126,44,92,0.478,20,48,0.417,18,20,0.9,S
MIL,2023-11-09,L,240,124,46,87,0.529,9,27,0.333,23,26,0.885,S
WAS,2023-11-08,W,240,132,47,97,0.485,18,43,0.419,20,25,0.8,S
NOP,2023-11-08,L,240,101,36,93,0.387,8,28,0.286,21,22,0.955,S
MIL,2023-11-08,W,241,120,41,90,0.456,11,37,0.297,27,32,0.844,S
DAL,2023-11-08,L,240,116,40,84,0.476,17,41,0.415,19,31,0.613,S
CLE,2023-11-08,L,240,120,42,83,0.506,9,29,0.31,27,37,0.73,S
DEN,2023-11-08,W,240,108,41,92,0.446,11,35,0.314,15,22,0.682,S
PHX,2023-11-08,W,264,116,38,90,0.422,19,48,0.396,21,25,0.84,S
LAC,2023-11-08,L,239,93,36,91,0.396,8,36,0.222,13,13,1.0,N
CHA,2023-11-08,L,240,116,41,79,0.519,8,25,0.32,26,35,0.743,S
CHI,2023-11-08,L,266,115,42,96,0.438,14,33,0.424,17,23,0.739,S
NYK,2023-11-08,W,242,126,46,100,0.46,19,42,0.452,15,22,0.682,S
SAC,2023-11-08,W,265,121,41,89,0.461,11,37,0.297,28,38,0.737,S
TOR,2023-11-08,W,241,127,49,99,0.495,11,36,0.306,18,27,0.667,S
BOS,2023-11-08,L,241,103,36,91,0.396,15,47,0.319,16,19,0.842,S
MIA,2023-11-08,W,241,108,35,77,0.455,11,28,0.393,27,32,0.844,S
POR,2023-11-08,L,265,118,44,87,0.506,8,22,0.364,22,29,0.759,S
UTA,2023-11-08,L,240,118,45,96,0.469,11,27,0.407,17,18,0.944,S
OKC,2023-11-08,W,241,128,44,86,0.512,12,28,0.429,28,30,0.933,S
SAS,2023-11-08,L,240,105,44,90,0.489,9,34,0.265,8,13,0.615,S
MIN,2023-11-08,W,240,122,45,82,0.549,15,37,0.405,17,24,0.708,S
IND,2023-11-08,W,239,134,52,101,0.515,13,41,0.317,17,20,0.85,S
PHI,2023-11-08,W,240,106,42,95,0.442,9,34,0.265,13,15,0.867,S
GSW,2023-11-08,L,240,105,37,86,0.43,11,35,0.314,20,26,0.769,S
DET,2023-11-08,L,240,118,48,98,0.49,7,29,0.241,15,16,0.938,S
LAL,2023-11-08,L,241,94,36,85,0.424,7,25,0.28,15,24,0.625,N
HOU,2023-11-08,W,239,128,51,93,0.548,14,33,0.424,12,19,0.632,S
MEM,2023-11-08,L,240,102,35,90,0.389,11,37,0.297,21,28,0.75,S
BKN,2023-11-08,W,240,100,37,92,0.402,15,41,0.366,11,13,0.846,N
OKC,2023-11-06,W,240,126,45,94,0.479,14,35,0.4,22,23,0.957,S
NOP,2023-11-06,L,240,116,45,90,0.5,13,30,0.433,13,15,0.867,S
SAS,2023-11-06,L,242,111,40,94,0.426,8,26,0.308,23,30,0.767,S
ATL,2023-11-06,L,239,117,38,102,0.373,14,42,0.333,27,32,0.844,S
BOS,2023-11-06,L,265,109,36,92,0.391,11,39,0.282,26,34,0.765,S
PHI,2023-11-06,W,241,146,51,91,0.56,12,31,0.387,32,36,0.889,S
CHI,2023-11-06,W,240,130,48,93,0.516,18,34,0.529,16,19,0.842,S
WAS,2023-11-06,L,240,128,49,96,0.51,14,34,0.412,16,20,0.8,S
DEN,2023-11-06,W,240,134,51,95,0.537,15,39,0.385,17,23,0.739,S
MIA,2023-11-06,W,239,108,41,88,0.466,12,37,0.324,14,16,0.875,S
BKN,2023-11-06,L,241,125,49,101,0.485,16,45,0.356,11,13,0.846,S
GSW,2023-11-06,W,240,120,46,97,0.474,12,41,0.293,16,21,0.762,S
IND,2023-11-06,W,240,152,55,95,0.579,20,38,0.526,22,23,0.957,S
DAL,2023-11-06,W,239,117,41,82,0.5,15,40,0.375,20,28,0.714,S
MIL,2023-11-06,W,238,129,46,96,0.479,16,48,0.333,21,24,0.875,S
LAC,2023-11-06,L,238,97,36,73,0.493,11,32,0.344,14,16,0.875,N
UTA,2023-11-06,L,241,113,41,86,0.477,16,43,0.372,15,17,0.882,S
ORL,2023-11-06,L,240,102,40,85,0.471,8,27,0.296,14,18,0.778,S
NYK,2023-11-06,W,240,111,41,88,0.466,12,31,0.387,17,18,0.944,S
MIN,2023-11-06,W,265,114,44,85,0.518,13,37,0.351,13,25,0.52,S
SAC,2023-11-06,L,239,97,36,81,0.444,14,40,0.35,11,20,0.55,N
HOU,2023-11-06,W,242,122,43,75,0.573,15,31,0.484,21,27,0.778,S
DET,2023-11-06,L,240,109,38,80,0.475,13,30,0.433,20,21,0.952,S
LAL,2023-11-06,L,239,107,44,81,0.543,8,26,0.308,11,14,0.786,S
MEM,2023-11-05,W,240,112,45,89,0.506,13,32,0.406,9,13,0.692,S
TOR,2023-11-05,W,264,123,44,97,0.454,19,48,0.396,16,26,0.615,S
CLE,2023-11-05,W,240,115,41,83,0.494,11,37,0.297,22,28,0.786,S
DAL,2023-11-05,W,239,124,43,91,0.473,14,42,0.333,24,32,0.75,S
POR,2023-11-05,L,239,100,37,95,0.389,14,45,0.311,12,15,0.8,N
PHX,2023-11-05,W,243,120,43,86,0.5,8,21,0.381,26,29,0.897,S
SAS,2023-11-05,L,266,116,48,96,0.5,10,32,0.313,10,13,0.769,S
CHA,2023-11-05,L,240,118,49,99,0.495,8,30,0.267,12,21,0.571,S
DET,2023-11-05,L,240,106,43,87,0.494,8,23,0.348,12,14,0.857,S
GSW,2023-11-05,L,240,104,34,94,0.362,16,41,0.39,20,30,0.667,S
LAL,2023-11-04,L,239,101,37,84,0.44,8,30,0.267,19,21,0.905,S
BKN,2023-11-04,L,240,114,43,100,0.43,17,52,0.327,11,17,0.647,S
NOP,2023-11-04,L,240,105,40,84,0.476,8,31,0.258,17,21,0.81,S
DEN,2023-11-04,W,239,123,42,81,0.519,16,36,0.444,23,30,0.767,S
HOU,2023-11-04,W,239,107,40,87,0.46,13,36,0.361,14,20,0.7,S
IND,2023-11-04,L,241,124,45,93,0.484,22,45,0.489,12,16,0.75,S
PHI,2023-11-04,W,239,112,43,90,0.478,11,30,0.367,15,18,0.833,S
ATL,2023-11-04,W,241,123,45,93,0.484,14,41,0.341,19,24,0.792,S
MIN,2023-11-04,W,242,123,45,81,0.556,9,24,0.375,24,31,0.774,S
BOS,2023-11-04,W,240,124,43,90,0.478,15,45,0.333,23,27,0.852,S
CHI,2023-11-04,L,240,101,39,86,0.453,7,26,0.269,16,23,0.696,S
ORL,2023-11-04,W,240,120,46,101,0.455,12,33,0.364,16,19,0.842,S
CHA,2023-11-04,W,240,125,47,88,0.534,8,20,0.4,23,23,1.0,S
SAC,2023-11-04,L,240,89,32,84,0.381,11,41,0.268,14,19,0.737,N
UTA,2023-11-04,L,241,95,35,91,0.385,12,43,0.279,13,17,0.765,N
PHX,2023-11-04,L,241,100,32,89,0.36,9,35,0.257,27,33,0.818,N
DEN,2023-11-03,W,241,125,49,93,0.527,13,30,0.433,14,19,0.737,S
OKC,2023-11-03,L,239,139,50,83,0.602,15,29,0.517,24,30,0.8,S
DAL,2023-11-03,L,240,114,41,86,0.477,17,42,0.405,15,17,0.882,S
GSW,2023-11-03,W,241,141,49,92,0.533,18,40,0.45,25,30,0.833,S
POR,2023-11-03,W,264,115,39,96,0.406,9,32,0.281,28,36,0.778,S
MEM,2023-11-03,L,265,113,47,96,0.49,10,35,0.286,9,13,0.692,S
BKN,2023-11-03,W,240,109,44,96,0.458,18,45,0.4,3,5,0.6,S
MIL,2023-11-03,W,241,110,35,82,0.427,20,39,0.513,20,28,0.714,S
MIA,2023-11-03,W,242,121,48,80,0.6,13,27,0.481,12,14,0.857,S
CLE,2023-11-03,L,240,116,44,84,0.524,8,28,0.286,20,25,0.8,S
NYK,2023-11-03,L,240,105,38,96,0.396,10,39,0.256,19,25,0.76,S
IND,2023-11-03,W,239,121,45,86,0.523,15,31,0.484,16,24,0.667,S
CHI,2023-11-03,L,238,107,43,89,0.483,11,28,0.393,10,14,0.714,S
WAS,2023-11-03,L,239,114,46,81,0.568,13,28,0.464,9,17,0.529,S
PHI,2023-11-02,W,240,114,42,92,0.457,9,25,0.36,21,25,0.84,S
NOP,2023-11-02,W,239,125,39,80,0.488,14,32,0.438,33,35,0.943,S
PHX,2023-11-02,L,241,121,43,80,0.538,16,32,0.5,19,26,0.731,S
DET,2023-11-02,L,241,116,41,94,0.436,13,38,0.342,21,26,0.808,S
ORL,2023-11-02,W,240,115,39,85,0.459,10,29,0.345,27,36,0.75,S
TOR,2023-11-02,L,240,99,38,79,0.481,10,28,0.357,13,19,0.684,N
UTA,2023-11-02,L,241,113,41,89,0.461,12,33,0.364,19,26,0.731,S
SAS,2023-11-02,W,239,132,51,98,0.52,18,37,0.486,12,13,0.923,S
LAL,2023-11-01,W,266,130,46,90,0.511,11,32,0.344,27,36,0.75,S
SAC,2023-11-01,L,240,101,36,88,0.409,11,35,0.314,18,23,0.783,S
WAS,2023-11-01,L,240,121,51,101,0.505,10,40,0.25,9,14,0.643,S
UTA,2023-11-01,W,239,133,47,87,0.54,22,43,0.512,17,24,0.708,S
CLE,2023-11-01,W,241,95,32,74,0.432,12,32,0.375,19,20,0.95,N
DEN,2023-11-01,L,240,89,38,96,0.396,6,33,0.182,7,10,0.7,N
OKC,2023-11-01,L,240,106,38,88,0.432,7,34,0.206,23,25,0.92,S
NYK,2023-11-01,L,240,89,32,92,0.348,5,30,0.167,20,30,0.667,N
MIL,2023-11-01,L,242,111,35,76,0.461,13,34,0.382,28,38,0.737,S
IND,2023-11-01,L,241,104,46,101,0.455,5,37,0.135,7,12,0.583,S
TOR,2023-11-01,W,240,130,51,91,0.56,15,38,0.395,13,14,0.929,S
MIN,2023-11-01,W,239,110,38,83,0.458,8,21,0.381,26,27,0.963,S
CHI,2023-11-01,L,240,105,42,89,0.472,11,33,0.333,10,11,0.909,S
DAL,2023-11-01,W,237,114,37,81,0.457,20,48,0.417,20,28,0.714,S
BKN,2023-11-01,W,242,109,37,82,0.451,16,36,0.444,19,26,0.731,S
CHA,2023-11-01,L,239,119,45,90,0.5,11,27,0.407,18,25,0.72,S
DET,2023-11-01,L,239,101,40,90,0.444,11,29,0.379,10,11,0.909,S
MEM,2023-11-01,L,241,109,35,96,0.365,14,54,0.259,25,32,0.781,S
HOU,2023-11-01,W,239,128,44,84,0.524,21,37,0.568,19,23,0.826,S
NOP,2023-11-01,W,239,110,40,102,0.392,13,42,0.31,17,29,0.586,S
LAC,2023-11-01,L,266,125,47,99,0.475,14,34,0.412,17,27,0.63,S
BOS,2023-11-01,W,239,155,54,95,0.568,20,35,0.571,27,28,0.964,S
MIA,2023-11-01,L,240,105,39,91,0.429,13,38,0.342,14,18,0.778,S
GSW,2023-11-01,W,239,102,39,81,0.481,11,31,0.355,13,15,0.867,S
ATL,2023-11-01,W,241,130,46,92,0.5,9,32,0.281,29,32,0.906,S
POR,2023-11-01,W,239,110,38,81,0.469,7,20,0.35,27,33,0.818,S
NYK,2023-10-31,W,240,109,38,86,0.442,13,34,0.382,20,25,0.8,S
CLE,2023-10-31,L,240,91,36,92,0.391,10,38,0.263,9,12,0.75,N
LAC,2023-10-31,W,240,118,44,89,0.494,14,31,0.452,16,23,0.696,S
PHX,2023-10-31,L,239,114,42,83,0.506,18,39,0.462,12,15,0.8,S
SAS,2023-10-31,W,239,115,43,92,0.467,14,37,0.378,15,20,0.75,S
ORL,2023-10-31,L,241,102,38,81,0.469,7,30,0.233,19,33,0.576,S
BOS,2023-10-30,W,243,126,51,102,0.5,19,53,0.358,5,7,0.714,S
GSW,2023-10-30,W,242,130,51,98,0.52,15,41,0.366,13,20,0.65,S
UTA,2023-10-30,L,241,102,42,98,0.429,11,37,0.297,7,15,0.467,S
BKN,2023-10-30,W,240,133,49,87,0.563,12,33,0.364,23,32,0.719,S
ORL,2023-10-30,L,238,103,38,95,0.4,14,35,0.4,13,18,0.722,S
LAL,2023-10-30,W,239,106,42,79,0.532,8,27,0.296,14,18,0.778,S
OKC,2023-10-30,W,240,124,44,83,0.53,13,29,0.448,23,28,0.821,S
WAS,2023-10-30,L,242,107,39,87,0.448,11,36,0.306,18,26,0.692,S
MIL,2023-10-30,W,240,122,44,87,0.506,12,37,0.324,22,30,0.733,S
DEN,2023-10-30,W,240,110,47,84,0.56,9,28,0.321,7,17,0.412,S
POR,2023-10-30,W,239,99,38,85,0.447,11,35,0.314,12,15,0.8,N
MIN,2023-10-30,L,240,113,44,90,0.489,16,33,0.485,9,15,0.6,S
TOR,2023-10-30,L,239,91,38,94,0.404,4,29,0.138,11,15,0.733,N
IND,2023-10-30,L,240,105,36,88,0.409,12,46,0.261,21,25,0.84,S
DET,2023-10-30,L,239,112,39,91,0.429,15,28,0.536,19,24,0.792,S
MEM,2023-10-30,L,240,110,42,92,0.457,14,37,0.378,12,20,0.6,S
DAL,2023-10-30,W,240,125,42,84,0.5,23,47,0.489,18,24,0.75,S
ATL,2023-10-30,W,238,127,48,86,0.558,14,30,0.467,17,18,0.944,S
NOP,2023-10-30,L,239,102,38,93,0.409,10,39,0.256,16,26,0.615,S
MIA,2023-10-30,L,240,114,41,86,0.477,13,34,0.382,19,20,0.95,S
CHI,2023-10-30,W,240,112,40,87,0.46,6,17,0.353,26,31,0.839,S
CHA,2023-10-30,L,240,121,47,96,0.49,8,31,0.258,19,20,0.95,S
MIL,2023-10-29,L,240,110,39,86,0.453,16,44,0.364,16,20,0.8,S
GSW,2023-10-29,W,239,106,35,81,0.432,18,45,0.4,18,23,0.783,S
OKC,2023-10-29,L,241,95,37,90,0.411,6,32,0.188,15,18,0.833,N
SAC,2023-10-29,W,264,132,49,104,0.471,17,48,0.354,17,24,0.708,S
PHI,2023-10-29,W,242,126,40,82,0.488,11,28,0.393,35,40,0.875,S
SAS,2023-10-29,L,240,83,30,80,0.375,11,33,0.333,12,16,0.75,N
DEN,2023-10-29,W,241,128,53,88,0.602,11,27,0.407,11,13,0.846,S
LAL,2023-10-29,L,266,127,43,98,0.439,15,45,0.333,26,34,0.765,S
POR,2023-10-29,L,243,98,36,94,0.383,7,31,0.226,19,22,0.864,N
ATL,2023-10-29,W,241,127,47,93,0.505,15,37,0.405,18,22,0.818,S
LAC,2023-10-29,W,241,123,47,91,0.516,16,42,0.381,13,21,0.619,S
HOU,2023-10-29,L,240,95,34,90,0.378,9,33,0.273,18,19,0.947,N
CHI,2023-10-28,L,239,102,39,93,0.419,11,28,0.393,13,16,0.813,S
CLE,2023-10-28,L,241,113,43,99,0.434,12,31,0.387,15,24,0.625,S
PHX,2023-10-28,W,241,126,45,85,0.529,10,37,0.27,26,28,0.929,S
WAS,2023-10-28,W,240,113,40,93,0.43,16,46,0.348,17,22,0.773,S
NYK,2023-10-28,L,242,87,33,90,0.367,7,37,0.189,14,18,0.778,N
MEM,2023-10-28,L,240,106,39,91,0.429,19,47,0.404,9,9,1.0,S
NOP,2023-10-28,W,241,96,40,87,0.46,9,33,0.273,7,16,0.438,N
UTA,2023-10-28,L,239,104,40,91,0.44,12,37,0.324,12,14,0.857,S
DET,2023-10-28,W,242,118,45,86,0.523,12,28,0.429,16,20,0.8,S
MIN,2023-10-28,W,240,106,44,86,0.512,12,34,0.353,6,8,0.75,S
PHI,2023-10-28,W,241,114,43,86,0.5,10,28,0.357,18,21,0.857,S
TOR,2023-10-28,L,240,107,38,87,0.437,17,32,0.531,14,19,0.737,S
IND,2023-10-28,W,240,125,48,98,0.49,15,38,0.395,14,17,0.824,S
MIA,2023-10-28,L,240,90,35,87,0.402,12,38,0.316,8,14,0.571,N
CLE,2023-10-27,L,240,105,38,92,0.413,12,45,0.267,17,23,0.739,S
MEM,2023-10-27,L,239,104,37,85,0.435,10,33,0.303,20,24,0.833,S
CHI,2023-10-27,W,264,104,37,99,0.374,8,39,0.205,22,28,0.786,S
SAS,2023-10-27,W,264,126,46,94,0.489,13,42,0.31,21,28,0.75,S
SAC,2023-10-27,L,240,114,41,94,0.436,12,40,0.3,20,29,0.69,S
NYK,2023-10-27,W,240,126,43,90,0.478,20,44,0.455,20,28,0.714,S
UTA,2023-10-27,W,241,120,42,96,0.438,16,41,0.39,20,22,0.909,S
OKC,2023-10-27,W,239,108,40,87,0.46,13,26,0.5,15,19,0.789,S
POR,2023-10-27,L,240,97,35,88,0.398,9,32,0.281,18,21,0.857,N
BKN,2023-10-27,L,238,120,45,92,0.489,21,43,0.488,9,10,0.9,S
DAL,2023-10-27,W,240,125,44,91,0.484,15,36,0.417,22,28,0.786,S
ORL,2023-10-27,W,240,102,36,79,0.456,9,28,0.321,21,32,0.656,S
TOR,2023-10-27,L,266,103,39,84,0.464,9,36,0.25,16,25,0.64,S
HOU,2023-10-27,L,266,122,52,100,0.52,8,32,0.25,10,20,0.5,S
ATL,2023-10-27,L,240,120,42,87,0.483,12,32,0.375,24,30,0.8,S
DET,2023-10-27,W,240,111,40,88,0.455,10,30,0.333,21,25,0.84,S
DEN,2023-10-27,W,240,108,41,88,0.466,14,37,0.378,12,18,0.667,S
GSW,2023-10-27,W,240,122,48,87,0.552,14,32,0.438,12,14,0.857,S
MIA,2023-10-27,L,240,111,38,89,0.427,16,33,0.485,19,23,0.826,S
BOS,2023-10-27,W,239,119,45,95,0.474,16,39,0.41,13,19,0.684,S
CHA,2023-10-27,L,240,99,33,88,0.375,7,28,0.25,26,34,0.765,N
LAC,2023-10-27,L,240,118,41,77,0.532,14,35,0.4,22,28,0.786,S
PHX,2023-10-26,L,240,95,34,81,0.42,9,31,0.29,18,23,0.783,N
PHI,2023-10-26,L,241,117,41,80,0.513,16,35,0.457,19,28,0.679,S
LAL,2023-10-26,W,239,100,36,84,0.429,5,29,0.172,23,29,0.793,N
MIL,2023-10-26,W,239,118,41,81,0.506,11,30,0.367,25,36,0.694,S
MIA,2023-10-25,W,241,103,37,92,0.402,8,22,0.364,21,26,0.808,S
DAL,2023-10-25,W,241,126,47,99,0.475,15,47,0.319,17,23,0.739,S
ORL,2023-10-25,W,241,116,42,87,0.483,9,34,0.265,23,26,0.885,S
CHA,2023-10-25,W,240,116,43,86,0.5,11,37,0.297,19,26,0.731,S
CLE,2023-10-25,W,241,114,44,94,0.468,17,43,0.395,9,10,0.9,S
MEM,2023-10-25,L,241,104,38,91,0.418,12,43,0.279,16,20,0.8,S
NOP,2023-10-25,W,240,111,40,85,0.471,14,32,0.438,17,22,0.773,S
IND,2023-10-25,W,240,143,56,107,0.523,20,43,0.465,11,12,0.917,S
DET,2023-10-25,L,241,102,41,92,0.446,11,32,0.344,9,15,0.6,S
UTA,2023-10-25,L,239,114,41,91,0.451,9,28,0.321,23,31,0.742,S
SAC,2023-10-25,W,239,130,47,102,0.461,19,51,0.373,17,20,0.85,S
WAS,2023-10-25,L,238,120,44,96,0.458,9,24,0.375,23,29,0.793,S
TOR,2023-10-25,W,241,97,36,90,0.4,14,35,0.4,11,16,0.688,N
SAS,2023-10-25,L,240,119,46,89,0.517,11,35,0.314,16,22,0.727,S
POR,2023-10-25,L,239,111,44,93,0.473,10,32,0.313,13,17,0.765,S
CHI,2023-10-25,L,242,104,39,94,0.415,12,42,0.286,14,18,0.778,S
MIN,2023-10-25,L,240,94,34,100,0.34,8,31,0.258,18,22,0.818,N
BKN,2023-10-25,L,240,113,42,84,0.5,9,27,0.333,20,26,0.769,S
BOS,2023-10-25,W,241,108,37,77,0.481,12,39,0.308,22,26,0.846,S
NYK,2023-10-25,L,239,104,36,97,0.371,18,41,0.439,14,26,0.538,S
ATL,2023-10-25,L,240,110,39,93,0.419,5,29,0.172,27,33,0.818,S
HOU,2023-10-25,L,240,86,32,79,0.405,12,34,0.353,10,16,0.625,N
OKC,2023-10-25,W,242,124,45,82,0.549,19,39,0.487,15,18,0.833,S
LAC,2023-10-25,W,242,123,47,90,0.522,16,34,0.471,13,16,0.813,S
GSW,2023-10-24,L,240,104,36,101,0.356,10,43,0.233,22,28,0.786,S
LAL,2023-10-24,L,239,107,41,90,0.456,10,29,0.345,15,20,0.75,S
PHX,2023-10-24,W,241,108,42,95,0.442,11,33,0.333,13,17,0.765,S
DEN,2023-10-24,W,240,119,48,91,0.527,14,34,0.412,9,12,0.75,S
